

Microchip MPLAB XC8 Assembler V3.10 build 20250813170317 
                                                                                               Fri May 29 20:58:45 2026

Microchip MPLAB XC8 C Compiler v3.10 (Free license) build 20250813170317 Og1 
     1                           	processor	18F4550
     2                           	fnconf	rparam,??,?,0
     3                           	pagewidth 120
     4                           	opt	flic
     5                           	psect	mediumconst,global,reloc=2,class=MEDIUMCONST,space=0,delta=1,noexec
     6                           	psect	cinit,global,reloc=2,class=CODE,space=0,delta=1
     7                           	psect	bssCOMRAM,global,class=COMRAM,space=1,delta=1,lowdata,noexec
     8                           	psect	cstackCOMRAM,global,class=COMRAM,space=1,delta=1,lowdata,noexec
     9                           	psect	text0,global,reloc=2,class=CODE,space=0,delta=1
    10                           	psect	text1,global,reloc=2,class=CODE,space=0,delta=1
    11                           	psect	text2,global,reloc=2,class=CODE,space=0,delta=1
    12                           	psect	text3,global,reloc=2,class=CODE,space=0,delta=1
    13                           	psect	text4,global,reloc=2,class=CODE,space=0,delta=1
    14                           	psect	text5,global,reloc=2,class=CODE,space=0,delta=1
    15                           	psect	text6,global,reloc=2,class=CODE,space=0,delta=1
    16                           	psect	text7,global,reloc=2,class=CODE,space=0,delta=1
    17                           	psect	text8,global,reloc=2,class=CODE,space=0,delta=1
    18                           	psect	text9,global,reloc=2,class=CODE,space=0,delta=1
    19                           	psect	text10,global,reloc=2,class=CODE,space=0,delta=1
    20                           	psect	text11,global,reloc=2,class=CODE,space=0,delta=1
    21                           	psect	text12,global,reloc=2,class=CODE,space=0,delta=1
    22                           	psect	text13,global,reloc=2,class=CODE,space=0,delta=1
    23                           	psect	text14,global,reloc=2,class=CODE,space=0,delta=1
    24                           	psect	text15,global,reloc=2,class=CODE,space=0,delta=1
    25                           	psect	text16,global,reloc=2,class=CODE,space=0,delta=1
    26                           	psect	text17,global,reloc=2,class=CODE,space=0,delta=1
    27                           	psect	text18,global,reloc=2,class=CODE,space=0,delta=1
    28                           	psect	text19,global,reloc=2,class=CODE,space=0,delta=1
    29                           	psect	text20,global,reloc=2,class=CODE,space=0,delta=1,group=1
    30                           	psect	text21,global,reloc=2,class=CODE,space=0,delta=1,group=1
    31                           	psect	text22,global,reloc=2,class=CODE,space=0,delta=1
    32                           	psect	text23,global,reloc=2,class=CODE,space=0,delta=1,group=1
    33                           	psect	text24,global,reloc=2,class=CODE,space=0,delta=1,group=1
    34                           	psect	text25,global,reloc=2,class=CODE,space=0,delta=1
    35                           	psect	text26,global,reloc=2,class=CODE,space=0,delta=1
    36                           	psect	text27,global,reloc=2,class=CODE,space=0,delta=1
    37                           	psect	text28,global,reloc=2,class=CODE,space=0,delta=1
    38                           	psect	text29,global,reloc=2,class=CODE,space=0,delta=1
    39                           	psect	text30,global,reloc=2,class=CODE,space=0,delta=1
    40                           	psect	text31,global,reloc=2,class=CODE,space=0,delta=1
    41                           	psect	text32,global,reloc=2,class=CODE,space=0,delta=1
    42                           	psect	text33,global,reloc=2,class=CODE,space=0,delta=1
    43                           	psect	text34,global,reloc=2,class=CODE,space=0,delta=1
    44                           	psect	text35,global,reloc=2,class=CODE,space=0,delta=1
    45                           	psect	text36,global,reloc=2,class=CODE,space=0,delta=1
    46                           	psect	text37,global,reloc=2,class=CODE,space=0,delta=1
    47                           	psect	text38,global,reloc=2,class=CODE,space=0,delta=1
    48                           	psect	text39,global,reloc=2,class=CODE,space=0,delta=1
    49                           	psect	text40,global,reloc=2,class=CODE,space=0,delta=1
    50                           	psect	text41,global,reloc=2,class=CODE,space=0,delta=1
    51                           	psect	intsave_regs,global,class=BIGRAM,space=1,delta=1,noexec
    52                           	psect	rparam,global,class=COMRAM,space=1,delta=1,noexec
    53                           	psect	config,global,abs,ovrld,class=CONFIG,space=4,delta=1,noexec
    54   000000                     
    55                           ; Generated 17/01/2025 GMT
    56                           ; 
    57                           ; Copyright © 2025, Microchip Technology Inc. and its subsidiaries ("Microchip")
    58                           ; All rights reserved.
    59                           ; 
    60                           ; This software is developed by Microchip Technology Inc. and its subsidiaries ("Microch
      +                          ip").
    61                           ; 
    62                           ; Redistribution and use in source and binary forms, with or without modification, are
    63                           ; permitted provided that the following conditions are met:
    64                           ; 
    65                           ;     1. Redistributions of source code must retain the above copyright notice, this lis
      +                          t of
    66                           ;        conditions and the following disclaimer.
    67                           ; 
    68                           ;     2. Redistributions in binary form must reproduce the above copyright notice, this 
      +                          list
    69                           ;        of conditions and the following disclaimer in the documentation and/or other
    70                           ;        materials provided with the distribution. Publication is not required when
    71                           ;        this file is used in an embedded application.
    72                           ; 
    73                           ;     3. Microchip's name may not be used to endorse or promote products derived from th
      +                          is
    74                           ;        software without specific prior written permission.
    75                           ; 
    76                           ; THIS SOFTWARE IS PROVIDED BY MICROCHIP "AS IS" AND ANY EXPRESS OR IMPLIED WARRANTIES,
    77                           ; INCLUDING, BUT NOT LIMITED TO, THE IMPLIED WARRANTIES OF MERCHANTABILITY AND FITNESS F
      +                          OR
    78                           ; PURPOSE ARE DISCLAIMED.  IN NO EVENT SHALL MICROCHIP BE LIABLE FOR ANY DIRECT, INDIREC
      +                          T,
    79                           ; INCIDENTAL, SPECIAL, EXEMPLARY, OR CONSEQUENTIAL DAMAGES (INCLUDING BUT NOT LIMITED TO
    80                           ; PROCUREMENT OF SUBSTITUTE GOODS OR SERVICES; LOSS OF USE, DATA OR PROFITS; OR BUSINESS
    81                           ; INTERRUPTION) HOWSOEVER CAUSED AND ON ANY THEORY OF LIABILITY, WHETHER IN CONTRACT, ST
      +                          RICT
    82                           ; LIABILITY, OR TORT (INCLUDING NEGLIGENCE OR OTHERWISE) ARISING IN ANY WAY OUT OF THE U
      +                          SE OF
    83                           ; THIS SOFTWARE, EVEN IF ADVISED OF THE POSSIBILITY OF SUCH DAMAGE.
    84                           ; 
    85                           ; 
    86                           ; Code-generator required, PIC18F4550 Definitions
    87                           ; 
    88                           ; SFR Addresses
    89   000FE0                     bsr             equ	4064
    90   000FE9                     fsr0            equ	4073
    91   000FEA                     fsr0h           equ	4074
    92   000FE9                     fsr0l           equ	4073
    93   000FE1                     fsr1            equ	4065
    94   000FE2                     fsr1h           equ	4066
    95   000FE1                     fsr1l           equ	4065
    96   000FD9                     fsr2            equ	4057
    97   000FDA                     fsr2h           equ	4058
    98   000FD9                     fsr2l           equ	4057
    99   000FEF                     indf0           equ	4079
   100   000FE7                     indf1           equ	4071
   101   000FDF                     indf2           equ	4063
   102   000FF2                     intcon          equ	4082
   103   000000                     nvmcon          equ	0
   104   000FF9                     pcl             equ	4089
   105   000FFA                     pclath          equ	4090
   106   000FFB                     pclatu          equ	4091
   107   000FEB                     plusw0          equ	4075
   108   000FE3                     plusw1          equ	4067
   109   000FDB                     plusw2          equ	4059
   110   000FED                     postdec0        equ	4077
   111   000FE5                     postdec1        equ	4069
   112   000FDD                     postdec2        equ	4061
   113   000FEE                     postinc0        equ	4078
   114   000FE6                     postinc1        equ	4070
   115   000FDE                     postinc2        equ	4062
   116   000FEC                     preinc0         equ	4076
   117   000FE4                     preinc1         equ	4068
   118   000FDC                     preinc2         equ	4060
   119   000FF3                     prod            equ	4083
   120   000FF4                     prodh           equ	4084
   121   000FF3                     prodl           equ	4083
   122   000FD8                     status          equ	4056
   123   000FF5                     tablat          equ	4085
   124   000FF6                     tblptr          equ	4086
   125   000FF7                     tblptrh         equ	4087
   126   000FF6                     tblptrl         equ	4086
   127   000FF8                     tblptru         equ	4088
   128   000FFD                     tosl            equ	4093
   129   000FE8                     wreg            equ	4072
   130   000F62                     SPPDATA         equ	3938	;# 
   131   000F63                     SPPCFG          equ	3939	;# 
   132   000F64                     SPPEPS          equ	3940	;# 
   133   000F65                     SPPCON          equ	3941	;# 
   134   000F66                     UFRM            equ	3942	;# 
   135   000F66                     UFRML           equ	3942	;# 
   136   000F67                     UFRMH           equ	3943	;# 
   137   000F68                     UIR             equ	3944	;# 
   138   000F69                     UIE             equ	3945	;# 
   139   000F6A                     UEIR            equ	3946	;# 
   140   000F6B                     UEIE            equ	3947	;# 
   141   000F6C                     USTAT           equ	3948	;# 
   142   000F6D                     UCON            equ	3949	;# 
   143   000F6E                     UADDR           equ	3950	;# 
   144   000F6F                     UCFG            equ	3951	;# 
   145   000F70                     UEP0            equ	3952	;# 
   146   000F71                     UEP1            equ	3953	;# 
   147   000F72                     UEP2            equ	3954	;# 
   148   000F73                     UEP3            equ	3955	;# 
   149   000F74                     UEP4            equ	3956	;# 
   150   000F75                     UEP5            equ	3957	;# 
   151   000F76                     UEP6            equ	3958	;# 
   152   000F77                     UEP7            equ	3959	;# 
   153   000F78                     UEP8            equ	3960	;# 
   154   000F79                     UEP9            equ	3961	;# 
   155   000F7A                     UEP10           equ	3962	;# 
   156   000F7B                     UEP11           equ	3963	;# 
   157   000F7C                     UEP12           equ	3964	;# 
   158   000F7D                     UEP13           equ	3965	;# 
   159   000F7E                     UEP14           equ	3966	;# 
   160   000F7F                     UEP15           equ	3967	;# 
   161   000F80                     PORTA           equ	3968	;# 
   162   000F81                     PORTB           equ	3969	;# 
   163   000F82                     PORTC           equ	3970	;# 
   164   000F83                     PORTD           equ	3971	;# 
   165   000F84                     PORTE           equ	3972	;# 
   166   000F89                     LATA            equ	3977	;# 
   167   000F8A                     LATB            equ	3978	;# 
   168   000F8B                     LATC            equ	3979	;# 
   169   000F8C                     LATD            equ	3980	;# 
   170   000F8D                     LATE            equ	3981	;# 
   171   000F92                     TRISA           equ	3986	;# 
   172   000F92                     DDRA            equ	3986	;# 
   173   000F93                     TRISB           equ	3987	;# 
   174   000F93                     DDRB            equ	3987	;# 
   175   000F94                     TRISC           equ	3988	;# 
   176   000F94                     DDRC            equ	3988	;# 
   177   000F95                     TRISD           equ	3989	;# 
   178   000F95                     DDRD            equ	3989	;# 
   179   000F96                     TRISE           equ	3990	;# 
   180   000F96                     DDRE            equ	3990	;# 
   181   000F9B                     OSCTUNE         equ	3995	;# 
   182   000F9D                     PIE1            equ	3997	;# 
   183   000F9E                     PIR1            equ	3998	;# 
   184   000F9F                     IPR1            equ	3999	;# 
   185   000FA0                     PIE2            equ	4000	;# 
   186   000FA1                     PIR2            equ	4001	;# 
   187   000FA2                     IPR2            equ	4002	;# 
   188   000FA6                     EECON1          equ	4006	;# 
   189   000FA7                     EECON2          equ	4007	;# 
   190   000FA8                     EEDATA          equ	4008	;# 
   191   000FA9                     EEADR           equ	4009	;# 
   192   000FAB                     RCSTA           equ	4011	;# 
   193   000FAB                     RCSTA1          equ	4011	;# 
   194   000FAC                     TXSTA           equ	4012	;# 
   195   000FAC                     TXSTA1          equ	4012	;# 
   196   000FAD                     TXREG           equ	4013	;# 
   197   000FAD                     TXREG1          equ	4013	;# 
   198   000FAE                     RCREG           equ	4014	;# 
   199   000FAE                     RCREG1          equ	4014	;# 
   200   000FAF                     SPBRG           equ	4015	;# 
   201   000FAF                     SPBRG1          equ	4015	;# 
   202   000FB0                     SPBRGH          equ	4016	;# 
   203   000FB1                     T3CON           equ	4017	;# 
   204   000FB2                     TMR3            equ	4018	;# 
   205   000FB2                     TMR3L           equ	4018	;# 
   206   000FB3                     TMR3H           equ	4019	;# 
   207   000FB4                     CMCON           equ	4020	;# 
   208   000FB5                     CVRCON          equ	4021	;# 
   209   000FB6                     ECCP1AS         equ	4022	;# 
   210   000FB6                     CCP1AS          equ	4022	;# 
   211   000FB7                     ECCP1DEL        equ	4023	;# 
   212   000FB7                     CCP1DEL         equ	4023	;# 
   213   000FB8                     BAUDCON         equ	4024	;# 
   214   000FB8                     BAUDCTL         equ	4024	;# 
   215   000FBA                     CCP2CON         equ	4026	;# 
   216   000FBB                     CCPR2           equ	4027	;# 
   217   000FBB                     CCPR2L          equ	4027	;# 
   218   000FBC                     CCPR2H          equ	4028	;# 
   219   000FBD                     CCP1CON         equ	4029	;# 
   220   000FBD                     ECCP1CON        equ	4029	;# 
   221   000FBE                     CCPR1           equ	4030	;# 
   222   000FBE                     CCPR1L          equ	4030	;# 
   223   000FBF                     CCPR1H          equ	4031	;# 
   224   000FC0                     ADCON2          equ	4032	;# 
   225   000FC1                     ADCON1          equ	4033	;# 
   226   000FC2                     ADCON0          equ	4034	;# 
   227   000FC3                     ADRES           equ	4035	;# 
   228   000FC3                     ADRESL          equ	4035	;# 
   229   000FC4                     ADRESH          equ	4036	;# 
   230   000FC5                     SSPCON2         equ	4037	;# 
   231   000FC6                     SSPCON1         equ	4038	;# 
   232   000FC7                     SSPSTAT         equ	4039	;# 
   233   000FC8                     SSPADD          equ	4040	;# 
   234   000FC9                     SSPBUF          equ	4041	;# 
   235   000FCA                     T2CON           equ	4042	;# 
   236   000FCB                     PR2             equ	4043	;# 
   237   000FCB                     MEMCON          equ	4043	;# 
   238   000FCC                     TMR2            equ	4044	;# 
   239   000FCD                     T1CON           equ	4045	;# 
   240   000FCE                     TMR1            equ	4046	;# 
   241   000FCE                     TMR1L           equ	4046	;# 
   242   000FCF                     TMR1H           equ	4047	;# 
   243   000FD0                     RCON            equ	4048	;# 
   244   000FD1                     WDTCON          equ	4049	;# 
   245   000FD2                     HLVDCON         equ	4050	;# 
   246   000FD2                     LVDCON          equ	4050	;# 
   247   000FD3                     OSCCON          equ	4051	;# 
   248   000FD5                     T0CON           equ	4053	;# 
   249   000FD6                     TMR0            equ	4054	;# 
   250   000FD6                     TMR0L           equ	4054	;# 
   251   000FD7                     TMR0H           equ	4055	;# 
   252   000FD8                     STATUS          equ	4056	;# 
   253   000FD9                     FSR2            equ	4057	;# 
   254   000FD9                     FSR2L           equ	4057	;# 
   255   000FDA                     FSR2H           equ	4058	;# 
   256   000FDB                     PLUSW2          equ	4059	;# 
   257   000FDC                     PREINC2         equ	4060	;# 
   258   000FDD                     POSTDEC2        equ	4061	;# 
   259   000FDE                     POSTINC2        equ	4062	;# 
   260   000FDF                     INDF2           equ	4063	;# 
   261   000FE0                     BSR             equ	4064	;# 
   262   000FE1                     FSR1            equ	4065	;# 
   263   000FE1                     FSR1L           equ	4065	;# 
   264   000FE2                     FSR1H           equ	4066	;# 
   265   000FE3                     PLUSW1          equ	4067	;# 
   266   000FE4                     PREINC1         equ	4068	;# 
   267   000FE5                     POSTDEC1        equ	4069	;# 
   268   000FE6                     POSTINC1        equ	4070	;# 
   269   000FE7                     INDF1           equ	4071	;# 
   270   000FE8                     WREG            equ	4072	;# 
   271   000FE9                     FSR0            equ	4073	;# 
   272   000FE9                     FSR0L           equ	4073	;# 
   273   000FEA                     FSR0H           equ	4074	;# 
   274   000FEB                     PLUSW0          equ	4075	;# 
   275   000FEC                     PREINC0         equ	4076	;# 
   276   000FED                     POSTDEC0        equ	4077	;# 
   277   000FEE                     POSTINC0        equ	4078	;# 
   278   000FEF                     INDF0           equ	4079	;# 
   279   000FF0                     INTCON3         equ	4080	;# 
   280   000FF1                     INTCON2         equ	4081	;# 
   281   000FF2                     INTCON          equ	4082	;# 
   282   000FF3                     PROD            equ	4083	;# 
   283   000FF3                     PRODL           equ	4083	;# 
   284   000FF4                     PRODH           equ	4084	;# 
   285   000FF5                     TABLAT          equ	4085	;# 
   286   000FF6                     TBLPTR          equ	4086	;# 
   287   000FF6                     TBLPTRL         equ	4086	;# 
   288   000FF7                     TBLPTRH         equ	4087	;# 
   289   000FF8                     TBLPTRU         equ	4088	;# 
   290   000FF9                     PCLAT           equ	4089	;# 
   291   000FF9                     PC              equ	4089	;# 
   292   000FF9                     PCL             equ	4089	;# 
   293   000FFA                     PCLATH          equ	4090	;# 
   294   000FFB                     PCLATU          equ	4091	;# 
   295   000FFC                     STKPTR          equ	4092	;# 
   296   000FFD                     TOS             equ	4093	;# 
   297   000FFD                     TOSL            equ	4093	;# 
   298   000FFE                     TOSH            equ	4094	;# 
   299   000FFF                     TOSU            equ	4095	;# 
   300   000F62                     SPPDATA         equ	3938	;# 
   301   000F63                     SPPCFG          equ	3939	;# 
   302   000F64                     SPPEPS          equ	3940	;# 
   303   000F65                     SPPCON          equ	3941	;# 
   304   000F66                     UFRM            equ	3942	;# 
   305   000F66                     UFRML           equ	3942	;# 
   306   000F67                     UFRMH           equ	3943	;# 
   307   000F68                     UIR             equ	3944	;# 
   308   000F69                     UIE             equ	3945	;# 
   309   000F6A                     UEIR            equ	3946	;# 
   310   000F6B                     UEIE            equ	3947	;# 
   311   000F6C                     USTAT           equ	3948	;# 
   312   000F6D                     UCON            equ	3949	;# 
   313   000F6E                     UADDR           equ	3950	;# 
   314   000F6F                     UCFG            equ	3951	;# 
   315   000F70                     UEP0            equ	3952	;# 
   316   000F71                     UEP1            equ	3953	;# 
   317   000F72                     UEP2            equ	3954	;# 
   318   000F73                     UEP3            equ	3955	;# 
   319   000F74                     UEP4            equ	3956	;# 
   320   000F75                     UEP5            equ	3957	;# 
   321   000F76                     UEP6            equ	3958	;# 
   322   000F77                     UEP7            equ	3959	;# 
   323   000F78                     UEP8            equ	3960	;# 
   324   000F79                     UEP9            equ	3961	;# 
   325   000F7A                     UEP10           equ	3962	;# 
   326   000F7B                     UEP11           equ	3963	;# 
   327   000F7C                     UEP12           equ	3964	;# 
   328   000F7D                     UEP13           equ	3965	;# 
   329   000F7E                     UEP14           equ	3966	;# 
   330   000F7F                     UEP15           equ	3967	;# 
   331   000F80                     PORTA           equ	3968	;# 
   332   000F81                     PORTB           equ	3969	;# 
   333   000F82                     PORTC           equ	3970	;# 
   334   000F83                     PORTD           equ	3971	;# 
   335   000F84                     PORTE           equ	3972	;# 
   336   000F89                     LATA            equ	3977	;# 
   337   000F8A                     LATB            equ	3978	;# 
   338   000F8B                     LATC            equ	3979	;# 
   339   000F8C                     LATD            equ	3980	;# 
   340   000F8D                     LATE            equ	3981	;# 
   341   000F92                     TRISA           equ	3986	;# 
   342   000F92                     DDRA            equ	3986	;# 
   343   000F93                     TRISB           equ	3987	;# 
   344   000F93                     DDRB            equ	3987	;# 
   345   000F94                     TRISC           equ	3988	;# 
   346   000F94                     DDRC            equ	3988	;# 
   347   000F95                     TRISD           equ	3989	;# 
   348   000F95                     DDRD            equ	3989	;# 
   349   000F96                     TRISE           equ	3990	;# 
   350   000F96                     DDRE            equ	3990	;# 
   351   000F9B                     OSCTUNE         equ	3995	;# 
   352   000F9D                     PIE1            equ	3997	;# 
   353   000F9E                     PIR1            equ	3998	;# 
   354   000F9F                     IPR1            equ	3999	;# 
   355   000FA0                     PIE2            equ	4000	;# 
   356   000FA1                     PIR2            equ	4001	;# 
   357   000FA2                     IPR2            equ	4002	;# 
   358   000FA6                     EECON1          equ	4006	;# 
   359   000FA7                     EECON2          equ	4007	;# 
   360   000FA8                     EEDATA          equ	4008	;# 
   361   000FA9                     EEADR           equ	4009	;# 
   362   000FAB                     RCSTA           equ	4011	;# 
   363   000FAB                     RCSTA1          equ	4011	;# 
   364   000FAC                     TXSTA           equ	4012	;# 
   365   000FAC                     TXSTA1          equ	4012	;# 
   366   000FAD                     TXREG           equ	4013	;# 
   367   000FAD                     TXREG1          equ	4013	;# 
   368   000FAE                     RCREG           equ	4014	;# 
   369   000FAE                     RCREG1          equ	4014	;# 
   370   000FAF                     SPBRG           equ	4015	;# 
   371   000FAF                     SPBRG1          equ	4015	;# 
   372   000FB0                     SPBRGH          equ	4016	;# 
   373   000FB1                     T3CON           equ	4017	;# 
   374   000FB2                     TMR3            equ	4018	;# 
   375   000FB2                     TMR3L           equ	4018	;# 
   376   000FB3                     TMR3H           equ	4019	;# 
   377   000FB4                     CMCON           equ	4020	;# 
   378   000FB5                     CVRCON          equ	4021	;# 
   379   000FB6                     ECCP1AS         equ	4022	;# 
   380   000FB6                     CCP1AS          equ	4022	;# 
   381   000FB7                     ECCP1DEL        equ	4023	;# 
   382   000FB7                     CCP1DEL         equ	4023	;# 
   383   000FB8                     BAUDCON         equ	4024	;# 
   384   000FB8                     BAUDCTL         equ	4024	;# 
   385   000FBA                     CCP2CON         equ	4026	;# 
   386   000FBB                     CCPR2           equ	4027	;# 
   387   000FBB                     CCPR2L          equ	4027	;# 
   388   000FBC                     CCPR2H          equ	4028	;# 
   389   000FBD                     CCP1CON         equ	4029	;# 
   390   000FBD                     ECCP1CON        equ	4029	;# 
   391   000FBE                     CCPR1           equ	4030	;# 
   392   000FBE                     CCPR1L          equ	4030	;# 
   393   000FBF                     CCPR1H          equ	4031	;# 
   394   000FC0                     ADCON2          equ	4032	;# 
   395   000FC1                     ADCON1          equ	4033	;# 
   396   000FC2                     ADCON0          equ	4034	;# 
   397   000FC3                     ADRES           equ	4035	;# 
   398   000FC3                     ADRESL          equ	4035	;# 
   399   000FC4                     ADRESH          equ	4036	;# 
   400   000FC5                     SSPCON2         equ	4037	;# 
   401   000FC6                     SSPCON1         equ	4038	;# 
   402   000FC7                     SSPSTAT         equ	4039	;# 
   403   000FC8                     SSPADD          equ	4040	;# 
   404   000FC9                     SSPBUF          equ	4041	;# 
   405   000FCA                     T2CON           equ	4042	;# 
   406   000FCB                     PR2             equ	4043	;# 
   407   000FCB                     MEMCON          equ	4043	;# 
   408   000FCC                     TMR2            equ	4044	;# 
   409   000FCD                     T1CON           equ	4045	;# 
   410   000FCE                     TMR1            equ	4046	;# 
   411   000FCE                     TMR1L           equ	4046	;# 
   412   000FCF                     TMR1H           equ	4047	;# 
   413   000FD0                     RCON            equ	4048	;# 
   414   000FD1                     WDTCON          equ	4049	;# 
   415   000FD2                     HLVDCON         equ	4050	;# 
   416   000FD2                     LVDCON          equ	4050	;# 
   417   000FD3                     OSCCON          equ	4051	;# 
   418   000FD5                     T0CON           equ	4053	;# 
   419   000FD6                     TMR0            equ	4054	;# 
   420   000FD6                     TMR0L           equ	4054	;# 
   421   000FD7                     TMR0H           equ	4055	;# 
   422   000FD8                     STATUS          equ	4056	;# 
   423   000FD9                     FSR2            equ	4057	;# 
   424   000FD9                     FSR2L           equ	4057	;# 
   425   000FDA                     FSR2H           equ	4058	;# 
   426   000FDB                     PLUSW2          equ	4059	;# 
   427   000FDC                     PREINC2         equ	4060	;# 
   428   000FDD                     POSTDEC2        equ	4061	;# 
   429   000FDE                     POSTINC2        equ	4062	;# 
   430   000FDF                     INDF2           equ	4063	;# 
   431   000FE0                     BSR             equ	4064	;# 
   432   000FE1                     FSR1            equ	4065	;# 
   433   000FE1                     FSR1L           equ	4065	;# 
   434   000FE2                     FSR1H           equ	4066	;# 
   435   000FE3                     PLUSW1          equ	4067	;# 
   436   000FE4                     PREINC1         equ	4068	;# 
   437   000FE5                     POSTDEC1        equ	4069	;# 
   438   000FE6                     POSTINC1        equ	4070	;# 
   439   000FE7                     INDF1           equ	4071	;# 
   440   000FE8                     WREG            equ	4072	;# 
   441   000FE9                     FSR0            equ	4073	;# 
   442   000FE9                     FSR0L           equ	4073	;# 
   443   000FEA                     FSR0H           equ	4074	;# 
   444   000FEB                     PLUSW0          equ	4075	;# 
   445   000FEC                     PREINC0         equ	4076	;# 
   446   000FED                     POSTDEC0        equ	4077	;# 
   447   000FEE                     POSTINC0        equ	4078	;# 
   448   000FEF                     INDF0           equ	4079	;# 
   449   000FF0                     INTCON3         equ	4080	;# 
   450   000FF1                     INTCON2         equ	4081	;# 
   451   000FF2                     INTCON          equ	4082	;# 
   452   000FF3                     PROD            equ	4083	;# 
   453   000FF3                     PRODL           equ	4083	;# 
   454   000FF4                     PRODH           equ	4084	;# 
   455   000FF5                     TABLAT          equ	4085	;# 
   456   000FF6                     TBLPTR          equ	4086	;# 
   457   000FF6                     TBLPTRL         equ	4086	;# 
   458   000FF7                     TBLPTRH         equ	4087	;# 
   459   000FF8                     TBLPTRU         equ	4088	;# 
   460   000FF9                     PCLAT           equ	4089	;# 
   461   000FF9                     PC              equ	4089	;# 
   462   000FF9                     PCL             equ	4089	;# 
   463   000FFA                     PCLATH          equ	4090	;# 
   464   000FFB                     PCLATU          equ	4091	;# 
   465   000FFC                     STKPTR          equ	4092	;# 
   466   000FFD                     TOS             equ	4093	;# 
   467   000FFD                     TOSL            equ	4093	;# 
   468   000FFE                     TOSH            equ	4094	;# 
   469   000FFF                     TOSU            equ	4095	;# 
   470   000F62                     SPPDATA         equ	3938	;# 
   471   000F63                     SPPCFG          equ	3939	;# 
   472   000F64                     SPPEPS          equ	3940	;# 
   473   000F65                     SPPCON          equ	3941	;# 
   474   000F66                     UFRM            equ	3942	;# 
   475   000F66                     UFRML           equ	3942	;# 
   476   000F67                     UFRMH           equ	3943	;# 
   477   000F68                     UIR             equ	3944	;# 
   478   000F69                     UIE             equ	3945	;# 
   479   000F6A                     UEIR            equ	3946	;# 
   480   000F6B                     UEIE            equ	3947	;# 
   481   000F6C                     USTAT           equ	3948	;# 
   482   000F6D                     UCON            equ	3949	;# 
   483   000F6E                     UADDR           equ	3950	;# 
   484   000F6F                     UCFG            equ	3951	;# 
   485   000F70                     UEP0            equ	3952	;# 
   486   000F71                     UEP1            equ	3953	;# 
   487   000F72                     UEP2            equ	3954	;# 
   488   000F73                     UEP3            equ	3955	;# 
   489   000F74                     UEP4            equ	3956	;# 
   490   000F75                     UEP5            equ	3957	;# 
   491   000F76                     UEP6            equ	3958	;# 
   492   000F77                     UEP7            equ	3959	;# 
   493   000F78                     UEP8            equ	3960	;# 
   494   000F79                     UEP9            equ	3961	;# 
   495   000F7A                     UEP10           equ	3962	;# 
   496   000F7B                     UEP11           equ	3963	;# 
   497   000F7C                     UEP12           equ	3964	;# 
   498   000F7D                     UEP13           equ	3965	;# 
   499   000F7E                     UEP14           equ	3966	;# 
   500   000F7F                     UEP15           equ	3967	;# 
   501   000F80                     PORTA           equ	3968	;# 
   502   000F81                     PORTB           equ	3969	;# 
   503   000F82                     PORTC           equ	3970	;# 
   504   000F83                     PORTD           equ	3971	;# 
   505   000F84                     PORTE           equ	3972	;# 
   506   000F89                     LATA            equ	3977	;# 
   507   000F8A                     LATB            equ	3978	;# 
   508   000F8B                     LATC            equ	3979	;# 
   509   000F8C                     LATD            equ	3980	;# 
   510   000F8D                     LATE            equ	3981	;# 
   511   000F92                     TRISA           equ	3986	;# 
   512   000F92                     DDRA            equ	3986	;# 
   513   000F93                     TRISB           equ	3987	;# 
   514   000F93                     DDRB            equ	3987	;# 
   515   000F94                     TRISC           equ	3988	;# 
   516   000F94                     DDRC            equ	3988	;# 
   517   000F95                     TRISD           equ	3989	;# 
   518   000F95                     DDRD            equ	3989	;# 
   519   000F96                     TRISE           equ	3990	;# 
   520   000F96                     DDRE            equ	3990	;# 
   521   000F9B                     OSCTUNE         equ	3995	;# 
   522   000F9D                     PIE1            equ	3997	;# 
   523   000F9E                     PIR1            equ	3998	;# 
   524   000F9F                     IPR1            equ	3999	;# 
   525   000FA0                     PIE2            equ	4000	;# 
   526   000FA1                     PIR2            equ	4001	;# 
   527   000FA2                     IPR2            equ	4002	;# 
   528   000FA6                     EECON1          equ	4006	;# 
   529   000FA7                     EECON2          equ	4007	;# 
   530   000FA8                     EEDATA          equ	4008	;# 
   531   000FA9                     EEADR           equ	4009	;# 
   532   000FAB                     RCSTA           equ	4011	;# 
   533   000FAB                     RCSTA1          equ	4011	;# 
   534   000FAC                     TXSTA           equ	4012	;# 
   535   000FAC                     TXSTA1          equ	4012	;# 
   536   000FAD                     TXREG           equ	4013	;# 
   537   000FAD                     TXREG1          equ	4013	;# 
   538   000FAE                     RCREG           equ	4014	;# 
   539   000FAE                     RCREG1          equ	4014	;# 
   540   000FAF                     SPBRG           equ	4015	;# 
   541   000FAF                     SPBRG1          equ	4015	;# 
   542   000FB0                     SPBRGH          equ	4016	;# 
   543   000FB1                     T3CON           equ	4017	;# 
   544   000FB2                     TMR3            equ	4018	;# 
   545   000FB2                     TMR3L           equ	4018	;# 
   546   000FB3                     TMR3H           equ	4019	;# 
   547   000FB4                     CMCON           equ	4020	;# 
   548   000FB5                     CVRCON          equ	4021	;# 
   549   000FB6                     ECCP1AS         equ	4022	;# 
   550   000FB6                     CCP1AS          equ	4022	;# 
   551   000FB7                     ECCP1DEL        equ	4023	;# 
   552   000FB7                     CCP1DEL         equ	4023	;# 
   553   000FB8                     BAUDCON         equ	4024	;# 
   554   000FB8                     BAUDCTL         equ	4024	;# 
   555   000FBA                     CCP2CON         equ	4026	;# 
   556   000FBB                     CCPR2           equ	4027	;# 
   557   000FBB                     CCPR2L          equ	4027	;# 
   558   000FBC                     CCPR2H          equ	4028	;# 
   559   000FBD                     CCP1CON         equ	4029	;# 
   560   000FBD                     ECCP1CON        equ	4029	;# 
   561   000FBE                     CCPR1           equ	4030	;# 
   562   000FBE                     CCPR1L          equ	4030	;# 
   563   000FBF                     CCPR1H          equ	4031	;# 
   564   000FC0                     ADCON2          equ	4032	;# 
   565   000FC1                     ADCON1          equ	4033	;# 
   566   000FC2                     ADCON0          equ	4034	;# 
   567   000FC3                     ADRES           equ	4035	;# 
   568   000FC3                     ADRESL          equ	4035	;# 
   569   000FC4                     ADRESH          equ	4036	;# 
   570   000FC5                     SSPCON2         equ	4037	;# 
   571   000FC6                     SSPCON1         equ	4038	;# 
   572   000FC7                     SSPSTAT         equ	4039	;# 
   573   000FC8                     SSPADD          equ	4040	;# 
   574   000FC9                     SSPBUF          equ	4041	;# 
   575   000FCA                     T2CON           equ	4042	;# 
   576   000FCB                     PR2             equ	4043	;# 
   577   000FCB                     MEMCON          equ	4043	;# 
   578   000FCC                     TMR2            equ	4044	;# 
   579   000FCD                     T1CON           equ	4045	;# 
   580   000FCE                     TMR1            equ	4046	;# 
   581   000FCE                     TMR1L           equ	4046	;# 
   582   000FCF                     TMR1H           equ	4047	;# 
   583   000FD0                     RCON            equ	4048	;# 
   584   000FD1                     WDTCON          equ	4049	;# 
   585   000FD2                     HLVDCON         equ	4050	;# 
   586   000FD2                     LVDCON          equ	4050	;# 
   587   000FD3                     OSCCON          equ	4051	;# 
   588   000FD5                     T0CON           equ	4053	;# 
   589   000FD6                     TMR0            equ	4054	;# 
   590   000FD6                     TMR0L           equ	4054	;# 
   591   000FD7                     TMR0H           equ	4055	;# 
   592   000FD8                     STATUS          equ	4056	;# 
   593   000FD9                     FSR2            equ	4057	;# 
   594   000FD9                     FSR2L           equ	4057	;# 
   595   000FDA                     FSR2H           equ	4058	;# 
   596   000FDB                     PLUSW2          equ	4059	;# 
   597   000FDC                     PREINC2         equ	4060	;# 
   598   000FDD                     POSTDEC2        equ	4061	;# 
   599   000FDE                     POSTINC2        equ	4062	;# 
   600   000FDF                     INDF2           equ	4063	;# 
   601   000FE0                     BSR             equ	4064	;# 
   602   000FE1                     FSR1            equ	4065	;# 
   603   000FE1                     FSR1L           equ	4065	;# 
   604   000FE2                     FSR1H           equ	4066	;# 
   605   000FE3                     PLUSW1          equ	4067	;# 
   606   000FE4                     PREINC1         equ	4068	;# 
   607   000FE5                     POSTDEC1        equ	4069	;# 
   608   000FE6                     POSTINC1        equ	4070	;# 
   609   000FE7                     INDF1           equ	4071	;# 
   610   000FE8                     WREG            equ	4072	;# 
   611   000FE9                     FSR0            equ	4073	;# 
   612   000FE9                     FSR0L           equ	4073	;# 
   613   000FEA                     FSR0H           equ	4074	;# 
   614   000FEB                     PLUSW0          equ	4075	;# 
   615   000FEC                     PREINC0         equ	4076	;# 
   616   000FED                     POSTDEC0        equ	4077	;# 
   617   000FEE                     POSTINC0        equ	4078	;# 
   618   000FEF                     INDF0           equ	4079	;# 
   619   000FF0                     INTCON3         equ	4080	;# 
   620   000FF1                     INTCON2         equ	4081	;# 
   621   000FF2                     INTCON          equ	4082	;# 
   622   000FF3                     PROD            equ	4083	;# 
   623   000FF3                     PRODL           equ	4083	;# 
   624   000FF4                     PRODH           equ	4084	;# 
   625   000FF5                     TABLAT          equ	4085	;# 
   626   000FF6                     TBLPTR          equ	4086	;# 
   627   000FF6                     TBLPTRL         equ	4086	;# 
   628   000FF7                     TBLPTRH         equ	4087	;# 
   629   000FF8                     TBLPTRU         equ	4088	;# 
   630   000FF9                     PCLAT           equ	4089	;# 
   631   000FF9                     PC              equ	4089	;# 
   632   000FF9                     PCL             equ	4089	;# 
   633   000FFA                     PCLATH          equ	4090	;# 
   634   000FFB                     PCLATU          equ	4091	;# 
   635   000FFC                     STKPTR          equ	4092	;# 
   636   000FFD                     TOS             equ	4093	;# 
   637   000FFD                     TOSL            equ	4093	;# 
   638   000FFE                     TOSH            equ	4094	;# 
   639   000FFF                     TOSU            equ	4095	;# 
   640   000F62                     SPPDATA         equ	3938	;# 
   641   000F63                     SPPCFG          equ	3939	;# 
   642   000F64                     SPPEPS          equ	3940	;# 
   643   000F65                     SPPCON          equ	3941	;# 
   644   000F66                     UFRM            equ	3942	;# 
   645   000F66                     UFRML           equ	3942	;# 
   646   000F67                     UFRMH           equ	3943	;# 
   647   000F68                     UIR             equ	3944	;# 
   648   000F69                     UIE             equ	3945	;# 
   649   000F6A                     UEIR            equ	3946	;# 
   650   000F6B                     UEIE            equ	3947	;# 
   651   000F6C                     USTAT           equ	3948	;# 
   652   000F6D                     UCON            equ	3949	;# 
   653   000F6E                     UADDR           equ	3950	;# 
   654   000F6F                     UCFG            equ	3951	;# 
   655   000F70                     UEP0            equ	3952	;# 
   656   000F71                     UEP1            equ	3953	;# 
   657   000F72                     UEP2            equ	3954	;# 
   658   000F73                     UEP3            equ	3955	;# 
   659   000F74                     UEP4            equ	3956	;# 
   660   000F75                     UEP5            equ	3957	;# 
   661   000F76                     UEP6            equ	3958	;# 
   662   000F77                     UEP7            equ	3959	;# 
   663   000F78                     UEP8            equ	3960	;# 
   664   000F79                     UEP9            equ	3961	;# 
   665   000F7A                     UEP10           equ	3962	;# 
   666   000F7B                     UEP11           equ	3963	;# 
   667   000F7C                     UEP12           equ	3964	;# 
   668   000F7D                     UEP13           equ	3965	;# 
   669   000F7E                     UEP14           equ	3966	;# 
   670   000F7F                     UEP15           equ	3967	;# 
   671   000F80                     PORTA           equ	3968	;# 
   672   000F81                     PORTB           equ	3969	;# 
   673   000F82                     PORTC           equ	3970	;# 
   674   000F83                     PORTD           equ	3971	;# 
   675   000F84                     PORTE           equ	3972	;# 
   676   000F89                     LATA            equ	3977	;# 
   677   000F8A                     LATB            equ	3978	;# 
   678   000F8B                     LATC            equ	3979	;# 
   679   000F8C                     LATD            equ	3980	;# 
   680   000F8D                     LATE            equ	3981	;# 
   681   000F92                     TRISA           equ	3986	;# 
   682   000F92                     DDRA            equ	3986	;# 
   683   000F93                     TRISB           equ	3987	;# 
   684   000F93                     DDRB            equ	3987	;# 
   685   000F94                     TRISC           equ	3988	;# 
   686   000F94                     DDRC            equ	3988	;# 
   687   000F95                     TRISD           equ	3989	;# 
   688   000F95                     DDRD            equ	3989	;# 
   689   000F96                     TRISE           equ	3990	;# 
   690   000F96                     DDRE            equ	3990	;# 
   691   000F9B                     OSCTUNE         equ	3995	;# 
   692   000F9D                     PIE1            equ	3997	;# 
   693   000F9E                     PIR1            equ	3998	;# 
   694   000F9F                     IPR1            equ	3999	;# 
   695   000FA0                     PIE2            equ	4000	;# 
   696   000FA1                     PIR2            equ	4001	;# 
   697   000FA2                     IPR2            equ	4002	;# 
   698   000FA6                     EECON1          equ	4006	;# 
   699   000FA7                     EECON2          equ	4007	;# 
   700   000FA8                     EEDATA          equ	4008	;# 
   701   000FA9                     EEADR           equ	4009	;# 
   702   000FAB                     RCSTA           equ	4011	;# 
   703   000FAB                     RCSTA1          equ	4011	;# 
   704   000FAC                     TXSTA           equ	4012	;# 
   705   000FAC                     TXSTA1          equ	4012	;# 
   706   000FAD                     TXREG           equ	4013	;# 
   707   000FAD                     TXREG1          equ	4013	;# 
   708   000FAE                     RCREG           equ	4014	;# 
   709   000FAE                     RCREG1          equ	4014	;# 
   710   000FAF                     SPBRG           equ	4015	;# 
   711   000FAF                     SPBRG1          equ	4015	;# 
   712   000FB0                     SPBRGH          equ	4016	;# 
   713   000FB1                     T3CON           equ	4017	;# 
   714   000FB2                     TMR3            equ	4018	;# 
   715   000FB2                     TMR3L           equ	4018	;# 
   716   000FB3                     TMR3H           equ	4019	;# 
   717   000FB4                     CMCON           equ	4020	;# 
   718   000FB5                     CVRCON          equ	4021	;# 
   719   000FB6                     ECCP1AS         equ	4022	;# 
   720   000FB6                     CCP1AS          equ	4022	;# 
   721   000FB7                     ECCP1DEL        equ	4023	;# 
   722   000FB7                     CCP1DEL         equ	4023	;# 
   723   000FB8                     BAUDCON         equ	4024	;# 
   724   000FB8                     BAUDCTL         equ	4024	;# 
   725   000FBA                     CCP2CON         equ	4026	;# 
   726   000FBB                     CCPR2           equ	4027	;# 
   727   000FBB                     CCPR2L          equ	4027	;# 
   728   000FBC                     CCPR2H          equ	4028	;# 
   729   000FBD                     CCP1CON         equ	4029	;# 
   730   000FBD                     ECCP1CON        equ	4029	;# 
   731   000FBE                     CCPR1           equ	4030	;# 
   732   000FBE                     CCPR1L          equ	4030	;# 
   733   000FBF                     CCPR1H          equ	4031	;# 
   734   000FC0                     ADCON2          equ	4032	;# 
   735   000FC1                     ADCON1          equ	4033	;# 
   736   000FC2                     ADCON0          equ	4034	;# 
   737   000FC3                     ADRES           equ	4035	;# 
   738   000FC3                     ADRESL          equ	4035	;# 
   739   000FC4                     ADRESH          equ	4036	;# 
   740   000FC5                     SSPCON2         equ	4037	;# 
   741   000FC6                     SSPCON1         equ	4038	;# 
   742   000FC7                     SSPSTAT         equ	4039	;# 
   743   000FC8                     SSPADD          equ	4040	;# 
   744   000FC9                     SSPBUF          equ	4041	;# 
   745   000FCA                     T2CON           equ	4042	;# 
   746   000FCB                     PR2             equ	4043	;# 
   747   000FCB                     MEMCON          equ	4043	;# 
   748   000FCC                     TMR2            equ	4044	;# 
   749   000FCD                     T1CON           equ	4045	;# 
   750   000FCE                     TMR1            equ	4046	;# 
   751   000FCE                     TMR1L           equ	4046	;# 
   752   000FCF                     TMR1H           equ	4047	;# 
   753   000FD0                     RCON            equ	4048	;# 
   754   000FD1                     WDTCON          equ	4049	;# 
   755   000FD2                     HLVDCON         equ	4050	;# 
   756   000FD2                     LVDCON          equ	4050	;# 
   757   000FD3                     OSCCON          equ	4051	;# 
   758   000FD5                     T0CON           equ	4053	;# 
   759   000FD6                     TMR0            equ	4054	;# 
   760   000FD6                     TMR0L           equ	4054	;# 
   761   000FD7                     TMR0H           equ	4055	;# 
   762   000FD8                     STATUS          equ	4056	;# 
   763   000FD9                     FSR2            equ	4057	;# 
   764   000FD9                     FSR2L           equ	4057	;# 
   765   000FDA                     FSR2H           equ	4058	;# 
   766   000FDB                     PLUSW2          equ	4059	;# 
   767   000FDC                     PREINC2         equ	4060	;# 
   768   000FDD                     POSTDEC2        equ	4061	;# 
   769   000FDE                     POSTINC2        equ	4062	;# 
   770   000FDF                     INDF2           equ	4063	;# 
   771   000FE0                     BSR             equ	4064	;# 
   772   000FE1                     FSR1            equ	4065	;# 
   773   000FE1                     FSR1L           equ	4065	;# 
   774   000FE2                     FSR1H           equ	4066	;# 
   775   000FE3                     PLUSW1          equ	4067	;# 
   776   000FE4                     PREINC1         equ	4068	;# 
   777   000FE5                     POSTDEC1        equ	4069	;# 
   778   000FE6                     POSTINC1        equ	4070	;# 
   779   000FE7                     INDF1           equ	4071	;# 
   780   000FE8                     WREG            equ	4072	;# 
   781   000FE9                     FSR0            equ	4073	;# 
   782   000FE9                     FSR0L           equ	4073	;# 
   783   000FEA                     FSR0H           equ	4074	;# 
   784   000FEB                     PLUSW0          equ	4075	;# 
   785   000FEC                     PREINC0         equ	4076	;# 
   786   000FED                     POSTDEC0        equ	4077	;# 
   787   000FEE                     POSTINC0        equ	4078	;# 
   788   000FEF                     INDF0           equ	4079	;# 
   789   000FF0                     INTCON3         equ	4080	;# 
   790   000FF1                     INTCON2         equ	4081	;# 
   791   000FF2                     INTCON          equ	4082	;# 
   792   000FF3                     PROD            equ	4083	;# 
   793   000FF3                     PRODL           equ	4083	;# 
   794   000FF4                     PRODH           equ	4084	;# 
   795   000FF5                     TABLAT          equ	4085	;# 
   796   000FF6                     TBLPTR          equ	4086	;# 
   797   000FF6                     TBLPTRL         equ	4086	;# 
   798   000FF7                     TBLPTRH         equ	4087	;# 
   799   000FF8                     TBLPTRU         equ	4088	;# 
   800   000FF9                     PCLAT           equ	4089	;# 
   801   000FF9                     PC              equ	4089	;# 
   802   000FF9                     PCL             equ	4089	;# 
   803   000FFA                     PCLATH          equ	4090	;# 
   804   000FFB                     PCLATU          equ	4091	;# 
   805   000FFC                     STKPTR          equ	4092	;# 
   806   000FFD                     TOS             equ	4093	;# 
   807   000FFD                     TOSL            equ	4093	;# 
   808   000FFE                     TOSH            equ	4094	;# 
   809   000FFF                     TOSU            equ	4095	;# 
   810   000F62                     SPPDATA         equ	3938	;# 
   811   000F63                     SPPCFG          equ	3939	;# 
   812   000F64                     SPPEPS          equ	3940	;# 
   813   000F65                     SPPCON          equ	3941	;# 
   814   000F66                     UFRM            equ	3942	;# 
   815   000F66                     UFRML           equ	3942	;# 
   816   000F67                     UFRMH           equ	3943	;# 
   817   000F68                     UIR             equ	3944	;# 
   818   000F69                     UIE             equ	3945	;# 
   819   000F6A                     UEIR            equ	3946	;# 
   820   000F6B                     UEIE            equ	3947	;# 
   821   000F6C                     USTAT           equ	3948	;# 
   822   000F6D                     UCON            equ	3949	;# 
   823   000F6E                     UADDR           equ	3950	;# 
   824   000F6F                     UCFG            equ	3951	;# 
   825   000F70                     UEP0            equ	3952	;# 
   826   000F71                     UEP1            equ	3953	;# 
   827   000F72                     UEP2            equ	3954	;# 
   828   000F73                     UEP3            equ	3955	;# 
   829   000F74                     UEP4            equ	3956	;# 
   830   000F75                     UEP5            equ	3957	;# 
   831   000F76                     UEP6            equ	3958	;# 
   832   000F77                     UEP7            equ	3959	;# 
   833   000F78                     UEP8            equ	3960	;# 
   834   000F79                     UEP9            equ	3961	;# 
   835   000F7A                     UEP10           equ	3962	;# 
   836   000F7B                     UEP11           equ	3963	;# 
   837   000F7C                     UEP12           equ	3964	;# 
   838   000F7D                     UEP13           equ	3965	;# 
   839   000F7E                     UEP14           equ	3966	;# 
   840   000F7F                     UEP15           equ	3967	;# 
   841   000F80                     PORTA           equ	3968	;# 
   842   000F81                     PORTB           equ	3969	;# 
   843   000F82                     PORTC           equ	3970	;# 
   844   000F83                     PORTD           equ	3971	;# 
   845   000F84                     PORTE           equ	3972	;# 
   846   000F89                     LATA            equ	3977	;# 
   847   000F8A                     LATB            equ	3978	;# 
   848   000F8B                     LATC            equ	3979	;# 
   849   000F8C                     LATD            equ	3980	;# 
   850   000F8D                     LATE            equ	3981	;# 
   851   000F92                     TRISA           equ	3986	;# 
   852   000F92                     DDRA            equ	3986	;# 
   853   000F93                     TRISB           equ	3987	;# 
   854   000F93                     DDRB            equ	3987	;# 
   855   000F94                     TRISC           equ	3988	;# 
   856   000F94                     DDRC            equ	3988	;# 
   857   000F95                     TRISD           equ	3989	;# 
   858   000F95                     DDRD            equ	3989	;# 
   859   000F96                     TRISE           equ	3990	;# 
   860   000F96                     DDRE            equ	3990	;# 
   861   000F9B                     OSCTUNE         equ	3995	;# 
   862   000F9D                     PIE1            equ	3997	;# 
   863   000F9E                     PIR1            equ	3998	;# 
   864   000F9F                     IPR1            equ	3999	;# 
   865   000FA0                     PIE2            equ	4000	;# 
   866   000FA1                     PIR2            equ	4001	;# 
   867   000FA2                     IPR2            equ	4002	;# 
   868   000FA6                     EECON1          equ	4006	;# 
   869   000FA7                     EECON2          equ	4007	;# 
   870   000FA8                     EEDATA          equ	4008	;# 
   871   000FA9                     EEADR           equ	4009	;# 
   872   000FAB                     RCSTA           equ	4011	;# 
   873   000FAB                     RCSTA1          equ	4011	;# 
   874   000FAC                     TXSTA           equ	4012	;# 
   875   000FAC                     TXSTA1          equ	4012	;# 
   876   000FAD                     TXREG           equ	4013	;# 
   877   000FAD                     TXREG1          equ	4013	;# 
   878   000FAE                     RCREG           equ	4014	;# 
   879   000FAE                     RCREG1          equ	4014	;# 
   880   000FAF                     SPBRG           equ	4015	;# 
   881   000FAF                     SPBRG1          equ	4015	;# 
   882   000FB0                     SPBRGH          equ	4016	;# 
   883   000FB1                     T3CON           equ	4017	;# 
   884   000FB2                     TMR3            equ	4018	;# 
   885   000FB2                     TMR3L           equ	4018	;# 
   886   000FB3                     TMR3H           equ	4019	;# 
   887   000FB4                     CMCON           equ	4020	;# 
   888   000FB5                     CVRCON          equ	4021	;# 
   889   000FB6                     ECCP1AS         equ	4022	;# 
   890   000FB6                     CCP1AS          equ	4022	;# 
   891   000FB7                     ECCP1DEL        equ	4023	;# 
   892   000FB7                     CCP1DEL         equ	4023	;# 
   893   000FB8                     BAUDCON         equ	4024	;# 
   894   000FB8                     BAUDCTL         equ	4024	;# 
   895   000FBA                     CCP2CON         equ	4026	;# 
   896   000FBB                     CCPR2           equ	4027	;# 
   897   000FBB                     CCPR2L          equ	4027	;# 
   898   000FBC                     CCPR2H          equ	4028	;# 
   899   000FBD                     CCP1CON         equ	4029	;# 
   900   000FBD                     ECCP1CON        equ	4029	;# 
   901   000FBE                     CCPR1           equ	4030	;# 
   902   000FBE                     CCPR1L          equ	4030	;# 
   903   000FBF                     CCPR1H          equ	4031	;# 
   904   000FC0                     ADCON2          equ	4032	;# 
   905   000FC1                     ADCON1          equ	4033	;# 
   906   000FC2                     ADCON0          equ	4034	;# 
   907   000FC3                     ADRES           equ	4035	;# 
   908   000FC3                     ADRESL          equ	4035	;# 
   909   000FC4                     ADRESH          equ	4036	;# 
   910   000FC5                     SSPCON2         equ	4037	;# 
   911   000FC6                     SSPCON1         equ	4038	;# 
   912   000FC7                     SSPSTAT         equ	4039	;# 
   913   000FC8                     SSPADD          equ	4040	;# 
   914   000FC9                     SSPBUF          equ	4041	;# 
   915   000FCA                     T2CON           equ	4042	;# 
   916   000FCB                     PR2             equ	4043	;# 
   917   000FCB                     MEMCON          equ	4043	;# 
   918   000FCC                     TMR2            equ	4044	;# 
   919   000FCD                     T1CON           equ	4045	;# 
   920   000FCE                     TMR1            equ	4046	;# 
   921   000FCE                     TMR1L           equ	4046	;# 
   922   000FCF                     TMR1H           equ	4047	;# 
   923   000FD0                     RCON            equ	4048	;# 
   924   000FD1                     WDTCON          equ	4049	;# 
   925   000FD2                     HLVDCON         equ	4050	;# 
   926   000FD2                     LVDCON          equ	4050	;# 
   927   000FD3                     OSCCON          equ	4051	;# 
   928   000FD5                     T0CON           equ	4053	;# 
   929   000FD6                     TMR0            equ	4054	;# 
   930   000FD6                     TMR0L           equ	4054	;# 
   931   000FD7                     TMR0H           equ	4055	;# 
   932   000FD8                     STATUS          equ	4056	;# 
   933   000FD9                     FSR2            equ	4057	;# 
   934   000FD9                     FSR2L           equ	4057	;# 
   935   000FDA                     FSR2H           equ	4058	;# 
   936   000FDB                     PLUSW2          equ	4059	;# 
   937   000FDC                     PREINC2         equ	4060	;# 
   938   000FDD                     POSTDEC2        equ	4061	;# 
   939   000FDE                     POSTINC2        equ	4062	;# 
   940   000FDF                     INDF2           equ	4063	;# 
   941   000FE0                     BSR             equ	4064	;# 
   942   000FE1                     FSR1            equ	4065	;# 
   943   000FE1                     FSR1L           equ	4065	;# 
   944   000FE2                     FSR1H           equ	4066	;# 
   945   000FE3                     PLUSW1          equ	4067	;# 
   946   000FE4                     PREINC1         equ	4068	;# 
   947   000FE5                     POSTDEC1        equ	4069	;# 
   948   000FE6                     POSTINC1        equ	4070	;# 
   949   000FE7                     INDF1           equ	4071	;# 
   950   000FE8                     WREG            equ	4072	;# 
   951   000FE9                     FSR0            equ	4073	;# 
   952   000FE9                     FSR0L           equ	4073	;# 
   953   000FEA                     FSR0H           equ	4074	;# 
   954   000FEB                     PLUSW0          equ	4075	;# 
   955   000FEC                     PREINC0         equ	4076	;# 
   956   000FED                     POSTDEC0        equ	4077	;# 
   957   000FEE                     POSTINC0        equ	4078	;# 
   958   000FEF                     INDF0           equ	4079	;# 
   959   000FF0                     INTCON3         equ	4080	;# 
   960   000FF1                     INTCON2         equ	4081	;# 
   961   000FF2                     INTCON          equ	4082	;# 
   962   000FF3                     PROD            equ	4083	;# 
   963   000FF3                     PRODL           equ	4083	;# 
   964   000FF4                     PRODH           equ	4084	;# 
   965   000FF5                     TABLAT          equ	4085	;# 
   966   000FF6                     TBLPTR          equ	4086	;# 
   967   000FF6                     TBLPTRL         equ	4086	;# 
   968   000FF7                     TBLPTRH         equ	4087	;# 
   969   000FF8                     TBLPTRU         equ	4088	;# 
   970   000FF9                     PCLAT           equ	4089	;# 
   971   000FF9                     PC              equ	4089	;# 
   972   000FF9                     PCL             equ	4089	;# 
   973   000FFA                     PCLATH          equ	4090	;# 
   974   000FFB                     PCLATU          equ	4091	;# 
   975   000FFC                     STKPTR          equ	4092	;# 
   976   000FFD                     TOS             equ	4093	;# 
   977   000FFD                     TOSL            equ	4093	;# 
   978   000FFE                     TOSH            equ	4094	;# 
   979   000FFF                     TOSU            equ	4095	;# 
   980   000F62                     SPPDATA         equ	3938	;# 
   981   000F63                     SPPCFG          equ	3939	;# 
   982   000F64                     SPPEPS          equ	3940	;# 
   983   000F65                     SPPCON          equ	3941	;# 
   984   000F66                     UFRM            equ	3942	;# 
   985   000F66                     UFRML           equ	3942	;# 
   986   000F67                     UFRMH           equ	3943	;# 
   987   000F68                     UIR             equ	3944	;# 
   988   000F69                     UIE             equ	3945	;# 
   989   000F6A                     UEIR            equ	3946	;# 
   990   000F6B                     UEIE            equ	3947	;# 
   991   000F6C                     USTAT           equ	3948	;# 
   992   000F6D                     UCON            equ	3949	;# 
   993   000F6E                     UADDR           equ	3950	;# 
   994   000F6F                     UCFG            equ	3951	;# 
   995   000F70                     UEP0            equ	3952	;# 
   996   000F71                     UEP1            equ	3953	;# 
   997   000F72                     UEP2            equ	3954	;# 
   998   000F73                     UEP3            equ	3955	;# 
   999   000F74                     UEP4            equ	3956	;# 
  1000   000F75                     UEP5            equ	3957	;# 
  1001   000F76                     UEP6            equ	3958	;# 
  1002   000F77                     UEP7            equ	3959	;# 
  1003   000F78                     UEP8            equ	3960	;# 
  1004   000F79                     UEP9            equ	3961	;# 
  1005   000F7A                     UEP10           equ	3962	;# 
  1006   000F7B                     UEP11           equ	3963	;# 
  1007   000F7C                     UEP12           equ	3964	;# 
  1008   000F7D                     UEP13           equ	3965	;# 
  1009   000F7E                     UEP14           equ	3966	;# 
  1010   000F7F                     UEP15           equ	3967	;# 
  1011   000F80                     PORTA           equ	3968	;# 
  1012   000F81                     PORTB           equ	3969	;# 
  1013   000F82                     PORTC           equ	3970	;# 
  1014   000F83                     PORTD           equ	3971	;# 
  1015   000F84                     PORTE           equ	3972	;# 
  1016   000F89                     LATA            equ	3977	;# 
  1017   000F8A                     LATB            equ	3978	;# 
  1018   000F8B                     LATC            equ	3979	;# 
  1019   000F8C                     LATD            equ	3980	;# 
  1020   000F8D                     LATE            equ	3981	;# 
  1021   000F92                     TRISA           equ	3986	;# 
  1022   000F92                     DDRA            equ	3986	;# 
  1023   000F93                     TRISB           equ	3987	;# 
  1024   000F93                     DDRB            equ	3987	;# 
  1025   000F94                     TRISC           equ	3988	;# 
  1026   000F94                     DDRC            equ	3988	;# 
  1027   000F95                     TRISD           equ	3989	;# 
  1028   000F95                     DDRD            equ	3989	;# 
  1029   000F96                     TRISE           equ	3990	;# 
  1030   000F96                     DDRE            equ	3990	;# 
  1031   000F9B                     OSCTUNE         equ	3995	;# 
  1032   000F9D                     PIE1            equ	3997	;# 
  1033   000F9E                     PIR1            equ	3998	;# 
  1034   000F9F                     IPR1            equ	3999	;# 
  1035   000FA0                     PIE2            equ	4000	;# 
  1036   000FA1                     PIR2            equ	4001	;# 
  1037   000FA2                     IPR2            equ	4002	;# 
  1038   000FA6                     EECON1          equ	4006	;# 
  1039   000FA7                     EECON2          equ	4007	;# 
  1040   000FA8                     EEDATA          equ	4008	;# 
  1041   000FA9                     EEADR           equ	4009	;# 
  1042   000FAB                     RCSTA           equ	4011	;# 
  1043   000FAB                     RCSTA1          equ	4011	;# 
  1044   000FAC                     TXSTA           equ	4012	;# 
  1045   000FAC                     TXSTA1          equ	4012	;# 
  1046   000FAD                     TXREG           equ	4013	;# 
  1047   000FAD                     TXREG1          equ	4013	;# 
  1048   000FAE                     RCREG           equ	4014	;# 
  1049   000FAE                     RCREG1          equ	4014	;# 
  1050   000FAF                     SPBRG           equ	4015	;# 
  1051   000FAF                     SPBRG1          equ	4015	;# 
  1052   000FB0                     SPBRGH          equ	4016	;# 
  1053   000FB1                     T3CON           equ	4017	;# 
  1054   000FB2                     TMR3            equ	4018	;# 
  1055   000FB2                     TMR3L           equ	4018	;# 
  1056   000FB3                     TMR3H           equ	4019	;# 
  1057   000FB4                     CMCON           equ	4020	;# 
  1058   000FB5                     CVRCON          equ	4021	;# 
  1059   000FB6                     ECCP1AS         equ	4022	;# 
  1060   000FB6                     CCP1AS          equ	4022	;# 
  1061   000FB7                     ECCP1DEL        equ	4023	;# 
  1062   000FB7                     CCP1DEL         equ	4023	;# 
  1063   000FB8                     BAUDCON         equ	4024	;# 
  1064   000FB8                     BAUDCTL         equ	4024	;# 
  1065   000FBA                     CCP2CON         equ	4026	;# 
  1066   000FBB                     CCPR2           equ	4027	;# 
  1067   000FBB                     CCPR2L          equ	4027	;# 
  1068   000FBC                     CCPR2H          equ	4028	;# 
  1069   000FBD                     CCP1CON         equ	4029	;# 
  1070   000FBD                     ECCP1CON        equ	4029	;# 
  1071   000FBE                     CCPR1           equ	4030	;# 
  1072   000FBE                     CCPR1L          equ	4030	;# 
  1073   000FBF                     CCPR1H          equ	4031	;# 
  1074   000FC0                     ADCON2          equ	4032	;# 
  1075   000FC1                     ADCON1          equ	4033	;# 
  1076   000FC2                     ADCON0          equ	4034	;# 
  1077   000FC3                     ADRES           equ	4035	;# 
  1078   000FC3                     ADRESL          equ	4035	;# 
  1079   000FC4                     ADRESH          equ	4036	;# 
  1080   000FC5                     SSPCON2         equ	4037	;# 
  1081   000FC6                     SSPCON1         equ	4038	;# 
  1082   000FC7                     SSPSTAT         equ	4039	;# 
  1083   000FC8                     SSPADD          equ	4040	;# 
  1084   000FC9                     SSPBUF          equ	4041	;# 
  1085   000FCA                     T2CON           equ	4042	;# 
  1086   000FCB                     PR2             equ	4043	;# 
  1087   000FCB                     MEMCON          equ	4043	;# 
  1088   000FCC                     TMR2            equ	4044	;# 
  1089   000FCD                     T1CON           equ	4045	;# 
  1090   000FCE                     TMR1            equ	4046	;# 
  1091   000FCE                     TMR1L           equ	4046	;# 
  1092   000FCF                     TMR1H           equ	4047	;# 
  1093   000FD0                     RCON            equ	4048	;# 
  1094   000FD1                     WDTCON          equ	4049	;# 
  1095   000FD2                     HLVDCON         equ	4050	;# 
  1096   000FD2                     LVDCON          equ	4050	;# 
  1097   000FD3                     OSCCON          equ	4051	;# 
  1098   000FD5                     T0CON           equ	4053	;# 
  1099   000FD6                     TMR0            equ	4054	;# 
  1100   000FD6                     TMR0L           equ	4054	;# 
  1101   000FD7                     TMR0H           equ	4055	;# 
  1102   000FD8                     STATUS          equ	4056	;# 
  1103   000FD9                     FSR2            equ	4057	;# 
  1104   000FD9                     FSR2L           equ	4057	;# 
  1105   000FDA                     FSR2H           equ	4058	;# 
  1106   000FDB                     PLUSW2          equ	4059	;# 
  1107   000FDC                     PREINC2         equ	4060	;# 
  1108   000FDD                     POSTDEC2        equ	4061	;# 
  1109   000FDE                     POSTINC2        equ	4062	;# 
  1110   000FDF                     INDF2           equ	4063	;# 
  1111   000FE0                     BSR             equ	4064	;# 
  1112   000FE1                     FSR1            equ	4065	;# 
  1113   000FE1                     FSR1L           equ	4065	;# 
  1114   000FE2                     FSR1H           equ	4066	;# 
  1115   000FE3                     PLUSW1          equ	4067	;# 
  1116   000FE4                     PREINC1         equ	4068	;# 
  1117   000FE5                     POSTDEC1        equ	4069	;# 
  1118   000FE6                     POSTINC1        equ	4070	;# 
  1119   000FE7                     INDF1           equ	4071	;# 
  1120   000FE8                     WREG            equ	4072	;# 
  1121   000FE9                     FSR0            equ	4073	;# 
  1122   000FE9                     FSR0L           equ	4073	;# 
  1123   000FEA                     FSR0H           equ	4074	;# 
  1124   000FEB                     PLUSW0          equ	4075	;# 
  1125   000FEC                     PREINC0         equ	4076	;# 
  1126   000FED                     POSTDEC0        equ	4077	;# 
  1127   000FEE                     POSTINC0        equ	4078	;# 
  1128   000FEF                     INDF0           equ	4079	;# 
  1129   000FF0                     INTCON3         equ	4080	;# 
  1130   000FF1                     INTCON2         equ	4081	;# 
  1131   000FF2                     INTCON          equ	4082	;# 
  1132   000FF3                     PROD            equ	4083	;# 
  1133   000FF3                     PRODL           equ	4083	;# 
  1134   000FF4                     PRODH           equ	4084	;# 
  1135   000FF5                     TABLAT          equ	4085	;# 
  1136   000FF6                     TBLPTR          equ	4086	;# 
  1137   000FF6                     TBLPTRL         equ	4086	;# 
  1138   000FF7                     TBLPTRH         equ	4087	;# 
  1139   000FF8                     TBLPTRU         equ	4088	;# 
  1140   000FF9                     PCLAT           equ	4089	;# 
  1141   000FF9                     PC              equ	4089	;# 
  1142   000FF9                     PCL             equ	4089	;# 
  1143   000FFA                     PCLATH          equ	4090	;# 
  1144   000FFB                     PCLATU          equ	4091	;# 
  1145   000FFC                     STKPTR          equ	4092	;# 
  1146   000FFD                     TOS             equ	4093	;# 
  1147   000FFD                     TOSL            equ	4093	;# 
  1148   000FFE                     TOSH            equ	4094	;# 
  1149   000FFF                     TOSU            equ	4095	;# 
  1150                           
  1151                           	psect	mediumconst
  1152   007C98                     __pmediumconst:
  1153                           	callstack 0
  1154   007C98  00                 	db	0
  1155   007C99                     _Font5x7:
  1156                           	callstack 0
  1157   007C99  00                 	db	0
  1158   007C9A  00                 	db	0
  1159   007C9B  00                 	db	0
  1160   007C9C  00                 	db	0
  1161   007C9D  00                 	db	0
  1162   007C9E  00                 	db	0
  1163   007C9F  00                 	db	0
  1164   007CA0  5F                 	db	95
  1165   007CA1  00                 	db	0
  1166   007CA2  00                 	db	0
  1167   007CA3  00                 	db	0
  1168   007CA4  07                 	db	7
  1169   007CA5  00                 	db	0
  1170   007CA6  07                 	db	7
  1171   007CA7  00                 	db	0
  1172   007CA8  14                 	db	20
  1173   007CA9  7F                 	db	127
  1174   007CAA  14                 	db	20
  1175   007CAB  7F                 	db	127
  1176   007CAC  14                 	db	20
  1177   007CAD  24                 	db	36
  1178   007CAE  2A                 	db	42
  1179   007CAF  7F                 	db	127
  1180   007CB0  2A                 	db	42
  1181   007CB1  12                 	db	18
  1182   007CB2  23                 	db	35
  1183   007CB3  13                 	db	19
  1184   007CB4  08                 	db	8
  1185   007CB5  64                 	db	100
  1186   007CB6  62                 	db	98
  1187   007CB7  36                 	db	54
  1188   007CB8  49                 	db	73
  1189   007CB9  55                 	db	85
  1190   007CBA  22                 	db	34
  1191   007CBB  50                 	db	80
  1192   007CBC  00                 	db	0
  1193   007CBD  05                 	db	5
  1194   007CBE  03                 	db	3
  1195   007CBF  00                 	db	0
  1196   007CC0  00                 	db	0
  1197   007CC1  00                 	db	0
  1198   007CC2  1C                 	db	28
  1199   007CC3  22                 	db	34
  1200   007CC4  41                 	db	65
  1201   007CC5  00                 	db	0
  1202   007CC6  00                 	db	0
  1203   007CC7  41                 	db	65
  1204   007CC8  22                 	db	34
  1205   007CC9  1C                 	db	28
  1206   007CCA  00                 	db	0
  1207   007CCB  14                 	db	20
  1208   007CCC  08                 	db	8
  1209   007CCD  3E                 	db	62
  1210   007CCE  08                 	db	8
  1211   007CCF  14                 	db	20
  1212   007CD0  08                 	db	8
  1213   007CD1  08                 	db	8
  1214   007CD2  3E                 	db	62
  1215   007CD3  08                 	db	8
  1216   007CD4  08                 	db	8
  1217   007CD5  00                 	db	0
  1218   007CD6  50                 	db	80
  1219   007CD7  30                 	db	48
  1220   007CD8  00                 	db	0
  1221   007CD9  00                 	db	0
  1222   007CDA  08                 	db	8
  1223   007CDB  08                 	db	8
  1224   007CDC  08                 	db	8
  1225   007CDD  08                 	db	8
  1226   007CDE  08                 	db	8
  1227   007CDF  00                 	db	0
  1228   007CE0  60                 	db	96
  1229   007CE1  60                 	db	96
  1230   007CE2  00                 	db	0
  1231   007CE3  00                 	db	0
  1232   007CE4  20                 	db	32
  1233   007CE5  10                 	db	16
  1234   007CE6  08                 	db	8
  1235   007CE7  04                 	db	4
  1236   007CE8  02                 	db	2
  1237   007CE9  3E                 	db	62
  1238   007CEA  51                 	db	81
  1239   007CEB  49                 	db	73
  1240   007CEC  45                 	db	69
  1241   007CED  3E                 	db	62
  1242   007CEE  00                 	db	0
  1243   007CEF  42                 	db	66
  1244   007CF0  7F                 	db	127
  1245   007CF1  40                 	db	64
  1246   007CF2  00                 	db	0
  1247   007CF3  42                 	db	66
  1248   007CF4  61                 	db	97
  1249   007CF5  51                 	db	81
  1250   007CF6  49                 	db	73
  1251   007CF7  46                 	db	70
  1252   007CF8  21                 	db	33
  1253   007CF9  41                 	db	65
  1254   007CFA  45                 	db	69
  1255   007CFB  4B                 	db	75
  1256   007CFC  31                 	db	49
  1257   007CFD  18                 	db	24
  1258   007CFE  14                 	db	20
  1259   007CFF  12                 	db	18
  1260   007D00  7F                 	db	127
  1261   007D01  10                 	db	16
  1262   007D02  27                 	db	39
  1263   007D03  45                 	db	69
  1264   007D04  45                 	db	69
  1265   007D05  45                 	db	69
  1266   007D06  39                 	db	57
  1267   007D07  3C                 	db	60
  1268   007D08  4A                 	db	74
  1269   007D09  49                 	db	73
  1270   007D0A  49                 	db	73
  1271   007D0B  30                 	db	48
  1272   007D0C  01                 	db	1
  1273   007D0D  71                 	db	113
  1274   007D0E  09                 	db	9
  1275   007D0F  05                 	db	5
  1276   007D10  03                 	db	3
  1277   007D11  36                 	db	54
  1278   007D12  49                 	db	73
  1279   007D13  49                 	db	73
  1280   007D14  49                 	db	73
  1281   007D15  36                 	db	54
  1282   007D16  06                 	db	6
  1283   007D17  49                 	db	73
  1284   007D18  49                 	db	73
  1285   007D19  29                 	db	41
  1286   007D1A  1E                 	db	30
  1287   007D1B  00                 	db	0
  1288   007D1C  36                 	db	54
  1289   007D1D  36                 	db	54
  1290   007D1E  00                 	db	0
  1291   007D1F  00                 	db	0
  1292   007D20  00                 	db	0
  1293   007D21  56                 	db	86
  1294   007D22  36                 	db	54
  1295   007D23  00                 	db	0
  1296   007D24  00                 	db	0
  1297   007D25  08                 	db	8
  1298   007D26  14                 	db	20
  1299   007D27  22                 	db	34
  1300   007D28  41                 	db	65
  1301   007D29  00                 	db	0
  1302   007D2A  14                 	db	20
  1303   007D2B  14                 	db	20
  1304   007D2C  14                 	db	20
  1305   007D2D  14                 	db	20
  1306   007D2E  14                 	db	20
  1307   007D2F  00                 	db	0
  1308   007D30  41                 	db	65
  1309   007D31  22                 	db	34
  1310   007D32  14                 	db	20
  1311   007D33  08                 	db	8
  1312   007D34  02                 	db	2
  1313   007D35  01                 	db	1
  1314   007D36  51                 	db	81
  1315   007D37  09                 	db	9
  1316   007D38  06                 	db	6
  1317   007D39  32                 	db	50
  1318   007D3A  49                 	db	73
  1319   007D3B  79                 	db	121
  1320   007D3C  41                 	db	65
  1321   007D3D  3E                 	db	62
  1322   007D3E  7E                 	db	126
  1323   007D3F  11                 	db	17
  1324   007D40  11                 	db	17
  1325   007D41  11                 	db	17
  1326   007D42  7E                 	db	126
  1327   007D43  7F                 	db	127
  1328   007D44  49                 	db	73
  1329   007D45  49                 	db	73
  1330   007D46  49                 	db	73
  1331   007D47  36                 	db	54
  1332   007D48  3E                 	db	62
  1333   007D49  41                 	db	65
  1334   007D4A  41                 	db	65
  1335   007D4B  41                 	db	65
  1336   007D4C  22                 	db	34
  1337   007D4D  7F                 	db	127
  1338   007D4E  41                 	db	65
  1339   007D4F  41                 	db	65
  1340   007D50  22                 	db	34
  1341   007D51  1C                 	db	28
  1342   007D52  7F                 	db	127
  1343   007D53  49                 	db	73
  1344   007D54  49                 	db	73
  1345   007D55  49                 	db	73
  1346   007D56  41                 	db	65
  1347   007D57  7F                 	db	127
  1348   007D58  09                 	db	9
  1349   007D59  09                 	db	9
  1350   007D5A  09                 	db	9
  1351   007D5B  01                 	db	1
  1352   007D5C  3E                 	db	62
  1353   007D5D  41                 	db	65
  1354   007D5E  49                 	db	73
  1355   007D5F  49                 	db	73
  1356   007D60  7A                 	db	122
  1357   007D61  7F                 	db	127
  1358   007D62  08                 	db	8
  1359   007D63  08                 	db	8
  1360   007D64  08                 	db	8
  1361   007D65  7F                 	db	127
  1362   007D66  00                 	db	0
  1363   007D67  41                 	db	65
  1364   007D68  7F                 	db	127
  1365   007D69  41                 	db	65
  1366   007D6A  00                 	db	0
  1367   007D6B  20                 	db	32
  1368   007D6C  40                 	db	64
  1369   007D6D  41                 	db	65
  1370   007D6E  3F                 	db	63
  1371   007D6F  01                 	db	1
  1372   007D70  7F                 	db	127
  1373   007D71  08                 	db	8
  1374   007D72  14                 	db	20
  1375   007D73  22                 	db	34
  1376   007D74  41                 	db	65
  1377   007D75  7F                 	db	127
  1378   007D76  40                 	db	64
  1379   007D77  40                 	db	64
  1380   007D78  40                 	db	64
  1381   007D79  40                 	db	64
  1382   007D7A  7F                 	db	127
  1383   007D7B  02                 	db	2
  1384   007D7C  0C                 	db	12
  1385   007D7D  02                 	db	2
  1386   007D7E  7F                 	db	127
  1387   007D7F  7F                 	db	127
  1388   007D80  04                 	db	4
  1389   007D81  08                 	db	8
  1390   007D82  10                 	db	16
  1391   007D83  7F                 	db	127
  1392   007D84  3E                 	db	62
  1393   007D85  41                 	db	65
  1394   007D86  41                 	db	65
  1395   007D87  41                 	db	65
  1396   007D88  3E                 	db	62
  1397   007D89  7F                 	db	127
  1398   007D8A  09                 	db	9
  1399   007D8B  09                 	db	9
  1400   007D8C  09                 	db	9
  1401   007D8D  06                 	db	6
  1402   007D8E  3E                 	db	62
  1403   007D8F  41                 	db	65
  1404   007D90  51                 	db	81
  1405   007D91  21                 	db	33
  1406   007D92  5E                 	db	94
  1407   007D93  7F                 	db	127
  1408   007D94  09                 	db	9
  1409   007D95  19                 	db	25
  1410   007D96  29                 	db	41
  1411   007D97  46                 	db	70
  1412   007D98  46                 	db	70
  1413   007D99  49                 	db	73
  1414   007D9A  49                 	db	73
  1415   007D9B  49                 	db	73
  1416   007D9C  31                 	db	49
  1417   007D9D  01                 	db	1
  1418   007D9E  01                 	db	1
  1419   007D9F  7F                 	db	127
  1420   007DA0  01                 	db	1
  1421   007DA1  01                 	db	1
  1422   007DA2  3F                 	db	63
  1423   007DA3  40                 	db	64
  1424   007DA4  40                 	db	64
  1425   007DA5  40                 	db	64
  1426   007DA6  3F                 	db	63
  1427   007DA7  1F                 	db	31
  1428   007DA8  20                 	db	32
  1429   007DA9  40                 	db	64
  1430   007DAA  20                 	db	32
  1431   007DAB  1F                 	db	31
  1432   007DAC  7F                 	db	127
  1433   007DAD  20                 	db	32
  1434   007DAE  18                 	db	24
  1435   007DAF  20                 	db	32
  1436   007DB0  7F                 	db	127
  1437   007DB1  63                 	db	99
  1438   007DB2  14                 	db	20
  1439   007DB3  08                 	db	8
  1440   007DB4  14                 	db	20
  1441   007DB5  63                 	db	99
  1442   007DB6  07                 	db	7
  1443   007DB7  08                 	db	8
  1444   007DB8  70                 	db	112
  1445   007DB9  08                 	db	8
  1446   007DBA  07                 	db	7
  1447   007DBB  61                 	db	97
  1448   007DBC  51                 	db	81
  1449   007DBD  49                 	db	73
  1450   007DBE  45                 	db	69
  1451   007DBF  43                 	db	67
  1452   007DC0  00                 	db	0
  1453   007DC1  7F                 	db	127
  1454   007DC2  41                 	db	65
  1455   007DC3  41                 	db	65
  1456   007DC4  00                 	db	0
  1457   007DC5  02                 	db	2
  1458   007DC6  04                 	db	4
  1459   007DC7  08                 	db	8
  1460   007DC8  10                 	db	16
  1461   007DC9  20                 	db	32
  1462   007DCA  00                 	db	0
  1463   007DCB  41                 	db	65
  1464   007DCC  41                 	db	65
  1465   007DCD  7F                 	db	127
  1466   007DCE  00                 	db	0
  1467   007DCF  04                 	db	4
  1468   007DD0  02                 	db	2
  1469   007DD1  01                 	db	1
  1470   007DD2  02                 	db	2
  1471   007DD3  04                 	db	4
  1472   007DD4  40                 	db	64
  1473   007DD5  40                 	db	64
  1474   007DD6  40                 	db	64
  1475   007DD7  40                 	db	64
  1476   007DD8  40                 	db	64
  1477   007DD9  00                 	db	0
  1478   007DDA  01                 	db	1
  1479   007DDB  02                 	db	2
  1480   007DDC  04                 	db	4
  1481   007DDD  00                 	db	0
  1482   007DDE  20                 	db	32
  1483   007DDF  54                 	db	84
  1484   007DE0  54                 	db	84
  1485   007DE1  54                 	db	84
  1486   007DE2  78                 	db	120
  1487   007DE3  7F                 	db	127
  1488   007DE4  48                 	db	72
  1489   007DE5  44                 	db	68
  1490   007DE6  44                 	db	68
  1491   007DE7  38                 	db	56
  1492   007DE8  38                 	db	56
  1493   007DE9  44                 	db	68
  1494   007DEA  44                 	db	68
  1495   007DEB  44                 	db	68
  1496   007DEC  20                 	db	32
  1497   007DED  38                 	db	56
  1498   007DEE  44                 	db	68
  1499   007DEF  44                 	db	68
  1500   007DF0  48                 	db	72
  1501   007DF1  7F                 	db	127
  1502   007DF2  38                 	db	56
  1503   007DF3  54                 	db	84
  1504   007DF4  54                 	db	84
  1505   007DF5  54                 	db	84
  1506   007DF6  18                 	db	24
  1507   007DF7  08                 	db	8
  1508   007DF8  7E                 	db	126
  1509   007DF9  09                 	db	9
  1510   007DFA  01                 	db	1
  1511   007DFB  02                 	db	2
  1512   007DFC  0C                 	db	12
  1513   007DFD  52                 	db	82
  1514   007DFE  52                 	db	82
  1515   007DFF  52                 	db	82
  1516   007E00  3E                 	db	62
  1517   007E01  7F                 	db	127
  1518   007E02  08                 	db	8
  1519   007E03  04                 	db	4
  1520   007E04  04                 	db	4
  1521   007E05  78                 	db	120
  1522   007E06  00                 	db	0
  1523   007E07  44                 	db	68
  1524   007E08  7D                 	db	125
  1525   007E09  40                 	db	64
  1526   007E0A  00                 	db	0
  1527   007E0B  20                 	db	32
  1528   007E0C  40                 	db	64
  1529   007E0D  44                 	db	68
  1530   007E0E  3D                 	db	61
  1531   007E0F  00                 	db	0
  1532   007E10  7F                 	db	127
  1533   007E11  10                 	db	16
  1534   007E12  28                 	db	40
  1535   007E13  44                 	db	68
  1536   007E14  00                 	db	0
  1537   007E15  00                 	db	0
  1538   007E16  41                 	db	65
  1539   007E17  7F                 	db	127
  1540   007E18  40                 	db	64
  1541   007E19  00                 	db	0
  1542   007E1A  7C                 	db	124
  1543   007E1B  04                 	db	4
  1544   007E1C  18                 	db	24
  1545   007E1D  04                 	db	4
  1546   007E1E  78                 	db	120
  1547   007E1F  7C                 	db	124
  1548   007E20  08                 	db	8
  1549   007E21  04                 	db	4
  1550   007E22  04                 	db	4
  1551   007E23  78                 	db	120
  1552   007E24  38                 	db	56
  1553   007E25  44                 	db	68
  1554   007E26  44                 	db	68
  1555   007E27  44                 	db	68
  1556   007E28  38                 	db	56
  1557   007E29  7C                 	db	124
  1558   007E2A  14                 	db	20
  1559   007E2B  14                 	db	20
  1560   007E2C  14                 	db	20
  1561   007E2D  08                 	db	8
  1562   007E2E  08                 	db	8
  1563   007E2F  14                 	db	20
  1564   007E30  14                 	db	20
  1565   007E31  18                 	db	24
  1566   007E32  7C                 	db	124
  1567   007E33  7C                 	db	124
  1568   007E34  08                 	db	8
  1569   007E35  04                 	db	4
  1570   007E36  04                 	db	4
  1571   007E37  08                 	db	8
  1572   007E38  48                 	db	72
  1573   007E39  54                 	db	84
  1574   007E3A  54                 	db	84
  1575   007E3B  54                 	db	84
  1576   007E3C  20                 	db	32
  1577   007E3D  04                 	db	4
  1578   007E3E  3F                 	db	63
  1579   007E3F  44                 	db	68
  1580   007E40  40                 	db	64
  1581   007E41  20                 	db	32
  1582   007E42  3C                 	db	60
  1583   007E43  40                 	db	64
  1584   007E44  40                 	db	64
  1585   007E45  20                 	db	32
  1586   007E46  7C                 	db	124
  1587   007E47  1C                 	db	28
  1588   007E48  20                 	db	32
  1589   007E49  40                 	db	64
  1590   007E4A  20                 	db	32
  1591   007E4B  1C                 	db	28
  1592   007E4C  3C                 	db	60
  1593   007E4D  40                 	db	64
  1594   007E4E  30                 	db	48
  1595   007E4F  40                 	db	64
  1596   007E50  3C                 	db	60
  1597   007E51  44                 	db	68
  1598   007E52  28                 	db	40
  1599   007E53  10                 	db	16
  1600   007E54  28                 	db	40
  1601   007E55  44                 	db	68
  1602   007E56  0C                 	db	12
  1603   007E57  50                 	db	80
  1604   007E58  50                 	db	80
  1605   007E59  50                 	db	80
  1606   007E5A  3C                 	db	60
  1607   007E5B  44                 	db	68
  1608   007E5C  64                 	db	100
  1609   007E5D  54                 	db	84
  1610   007E5E  4C                 	db	76
  1611   007E5F  44                 	db	68
  1612   007E60  00                 	db	0
  1613   007E61  08                 	db	8
  1614   007E62  36                 	db	54
  1615   007E63  41                 	db	65
  1616   007E64  00                 	db	0
  1617   007E65  00                 	db	0
  1618   007E66  00                 	db	0
  1619   007E67  7F                 	db	127
  1620   007E68  00                 	db	0
  1621   007E69  00                 	db	0
  1622   007E6A  00                 	db	0
  1623   007E6B  41                 	db	65
  1624   007E6C  36                 	db	54
  1625   007E6D  08                 	db	8
  1626   007E6E  00                 	db	0
  1627   007E6F  08                 	db	8
  1628   007E70  08                 	db	8
  1629   007E71  2A                 	db	42
  1630   007E72  1C                 	db	28
  1631   007E73  08                 	db	8
  1632   007E74  00                 	db	0
  1633   007E75  00                 	db	0
  1634   007E76  00                 	db	0
  1635   007E77  00                 	db	0
  1636   007E78  00                 	db	0
  1637   007E79                     __end_of_Font5x7:
  1638                           	callstack 0
  1639   000FAD                     _TXREG          set	4013
  1640   000FAB                     _RCSTAbits      set	4011
  1641   000FAF                     _SPBRG          set	4015
  1642   000FB0                     _SPBRGH         set	4016
  1643   000FB8                     _BAUDCONbits    set	4024
  1644   000FAC                     _TXSTAbits      set	4012
  1645   000FB8                     _BAUDCON        set	4024
  1646   000FAB                     _RCSTA          set	4011
  1647   000FAC                     _TXSTA          set	4012
  1648   000F94                     _TRISCbits      set	3988
  1649   000F9E                     _PIR1bits       set	3998
  1650   000FC9                     _SSPBUF         set	4041
  1651   000FC5                     _SSPCON2bits    set	4037
  1652   000FC8                     _SSPADD         set	4040
  1653   000FC7                     _SSPSTATbits    set	4039
  1654   000FC6                     _SSPCON1        set	4038
  1655   000F93                     _TRISBbits      set	3987
  1656   000FC7                     _SSPSTAT        set	4039
  1657   000FC5                     _SSPCON2        set	4037
  1658   000F8C                     _LATDbits       set	3980
  1659   000F95                     _TRISDbits      set	3989
  1660   000F96                     _TRISE          set	3990
  1661   000F95                     _TRISD          set	3989
  1662   000F94                     _TRISC          set	3988
  1663   000F93                     _TRISB          set	3987
  1664   000F92                     _TRISA          set	3986
  1665   000F8D                     _LATE           set	3981
  1666   000F8C                     _LATD           set	3980
  1667   000F8B                     _LATC           set	3979
  1668   000F8A                     _LATB           set	3978
  1669   000F89                     _LATA           set	3977
  1670   000FB5                     _CVRCON         set	4021
  1671   000FB4                     _CMCON          set	4020
  1672   000FC1                     _ADCON1         set	4033
  1673   000FD3                     _OSCCON         set	4051
  1674   007E79                     STR_11:
  1675   007E79  4D                 	db	77	;'M'
  1676   007E7A  41                 	db	65	;'A'
  1677   007E7B  58                 	db	88	;'X'
  1678   007E7C  33                 	db	51	;'3'
  1679   007E7D  30                 	db	48	;'0'
  1680   007E7E  31                 	db	49	;'1'
  1681   007E7F  30                 	db	48	;'0'
  1682   007E80  32                 	db	50	;'2'
  1683   007E81  20                 	db	32
  1684   007E82  64                 	db	100	;'d'
  1685   007E83  65                 	db	101	;'e'
  1686   007E84  74                 	db	116	;'t'
  1687   007E85  65                 	db	101	;'e'
  1688   007E86  63                 	db	99	;'c'
  1689   007E87  74                 	db	116	;'t'
  1690   007E88  61                 	db	97	;'a'
  1691   007E89  64                 	db	100	;'d'
  1692   007E8A  6F                 	db	111	;'o'
  1693   007E8B  20                 	db	32
  1694   007E8C  63                 	db	99	;'c'
  1695   007E8D  6F                 	db	111	;'o'
  1696   007E8E  72                 	db	114	;'r'
  1697   007E8F  72                 	db	114	;'r'
  1698   007E90  65                 	db	101	;'e'
  1699   007E91  63                 	db	99	;'c'
  1700   007E92  74                 	db	116	;'t'
  1701   007E93  61                 	db	97	;'a'
  1702   007E94  6D                 	db	109	;'m'
  1703   007E95  65                 	db	101	;'e'
  1704   007E96  6E                 	db	110	;'n'
  1705   007E97  74                 	db	116	;'t'
  1706   007E98  65                 	db	101	;'e'
  1707   007E99  00                 	db	0
  1708   007E9A                     STR_4:
  1709   007E9A  55                 	db	85	;'U'
  1710   007E9B  41                 	db	65	;'A'
  1711   007E9C  52                 	db	82	;'R'
  1712   007E9D  54                 	db	84	;'T'
  1713   007E9E  20                 	db	32
  1714   007E9F  66                 	db	102	;'f'
  1715   007EA0  75                 	db	117	;'u'
  1716   007EA1  6E                 	db	110	;'n'
  1717   007EA2  63                 	db	99	;'c'
  1718   007EA3  69                 	db	105	;'i'
  1719   007EA4  6F                 	db	111	;'o'
  1720   007EA5  6E                 	db	110	;'n'
  1721   007EA6  61                 	db	97	;'a'
  1722   007EA7  6E                 	db	110	;'n'
  1723   007EA8  64                 	db	100	;'d'
  1724   007EA9  6F                 	db	111	;'o'
  1725   007EAA  20                 	db	32
  1726   007EAB  61                 	db	97	;'a'
  1727   007EAC  20                 	db	32
  1728   007EAD  39                 	db	57	;'9'
  1729   007EAE  36                 	db	54	;'6'
  1730   007EAF  30                 	db	48	;'0'
  1731   007EB0  30                 	db	48	;'0'
  1732   007EB1  20                 	db	32
  1733   007EB2  62                 	db	98	;'b'
  1734   007EB3  61                 	db	97	;'a'
  1735   007EB4  75                 	db	117	;'u'
  1736   007EB5  64                 	db	100	;'d'
  1737   007EB6  69                 	db	105	;'i'
  1738   007EB7  6F                 	db	111	;'o'
  1739   007EB8  73                 	db	115	;'s'
  1740   007EB9  00                 	db	0
  1741   007EBA                     STR_6:
  1742   007EBA  45                 	db	69	;'E'
  1743   007EBB  52                 	db	82	;'R'
  1744   007EBC  52                 	db	82	;'R'
  1745   007EBD  4F                 	db	79	;'O'
  1746   007EBE  52                 	db	82	;'R'
  1747   007EBF  3A                 	db	58	;':'
  1748   007EC0  20                 	db	32
  1749   007EC1  4D                 	db	77	;'M'
  1750   007EC2  41                 	db	65	;'A'
  1751   007EC3  58                 	db	88	;'X'
  1752   007EC4  33                 	db	51	;'3'
  1753   007EC5  30                 	db	48	;'0'
  1754   007EC6  31                 	db	49	;'1'
  1755   007EC7  30                 	db	48	;'0'
  1756   007EC8  32                 	db	50	;'2'
  1757   007EC9  20                 	db	32
  1758   007ECA  6E                 	db	110	;'n'
  1759   007ECB  6F                 	db	111	;'o'
  1760   007ECC  20                 	db	32
  1761   007ECD  64                 	db	100	;'d'
  1762   007ECE  65                 	db	101	;'e'
  1763   007ECF  74                 	db	116	;'t'
  1764   007ED0  65                 	db	101	;'e'
  1765   007ED1  63                 	db	99	;'c'
  1766   007ED2  74                 	db	116	;'t'
  1767   007ED3  61                 	db	97	;'a'
  1768   007ED4  64                 	db	100	;'d'
  1769   007ED5  6F                 	db	111	;'o'
  1770   007ED6  00                 	db	0
  1771   007ED7                     STR_22:
  1772   007ED7  2D                 	db	45
  1773   007ED8  2D                 	db	45
  1774   007ED9  2D                 	db	45
  1775   007EDA  2D                 	db	45
  1776   007EDB  2D                 	db	45
  1777   007EDC  2D                 	db	45
  1778   007EDD  2D                 	db	45
  1779   007EDE  2D                 	db	45
  1780   007EDF  2D                 	db	45
  1781   007EE0  2D                 	db	45
  1782   007EE1  2D                 	db	45
  1783   007EE2  2D                 	db	45
  1784   007EE3  2D                 	db	45
  1785   007EE4  2D                 	db	45
  1786   007EE5  2D                 	db	45
  1787   007EE6  2D                 	db	45
  1788   007EE7  2D                 	db	45
  1789   007EE8  2D                 	db	45
  1790   007EE9  2D                 	db	45
  1791   007EEA  2D                 	db	45
  1792   007EEB  2D                 	db	45
  1793   007EEC  2D                 	db	45
  1794   007EED  2D                 	db	45
  1795   007EEE  2D                 	db	45
  1796   007EEF  2D                 	db	45
  1797   007EF0  2D                 	db	45
  1798   007EF1  2D                 	db	45
  1799   007EF2  00                 	db	0
  1800   007EF3                     STR_7:
  1801   007EF3  52                 	db	82	;'R'
  1802   007EF4  65                 	db	101	;'e'
  1803   007EF5  76                 	db	118	;'v'
  1804   007EF6  69                 	db	105	;'i'
  1805   007EF7  73                 	db	115	;'s'
  1806   007EF8  65                 	db	101	;'e'
  1807   007EF9  20                 	db	32
  1808   007EFA  56                 	db	86	;'V'
  1809   007EFB  43                 	db	67	;'C'
  1810   007EFC  43                 	db	67	;'C'
  1811   007EFD  2C                 	db	44
  1812   007EFE  20                 	db	32
  1813   007EFF  47                 	db	71	;'G'
  1814   007F00  4E                 	db	78	;'N'
  1815   007F01  44                 	db	68	;'D'
  1816   007F02  2C                 	db	44
  1817   007F03  20                 	db	32
  1818   007F04  53                 	db	83	;'S'
  1819   007F05  44                 	db	68	;'D'
  1820   007F06  41                 	db	65	;'A'
  1821   007F07  20                 	db	32
  1822   007F08  79                 	db	121	;'y'
  1823   007F09  20                 	db	32
  1824   007F0A  53                 	db	83	;'S'
  1825   007F0B  43                 	db	67	;'C'
  1826   007F0C  4C                 	db	76	;'L'
  1827   007F0D  00                 	db	0
  1828   007F0E                     STR_12:
  1829   007F0E  4C                 	db	76	;'L'
  1830   007F0F  65                 	db	101	;'e'
  1831   007F10  63                 	db	99	;'c'
  1832   007F11  74                 	db	116	;'t'
  1833   007F12  75                 	db	117	;'u'
  1834   007F13  72                 	db	114	;'r'
  1835   007F14  61                 	db	97	;'a'
  1836   007F15  20                 	db	32
  1837   007F16  52                 	db	82	;'R'
  1838   007F17  45                 	db	69	;'E'
  1839   007F18  44                 	db	68	;'D'
  1840   007F19  20                 	db	32
  1841   007F1A  65                 	db	101	;'e'
  1842   007F1B  20                 	db	32
  1843   007F1C  49                 	db	73	;'I'
  1844   007F1D  52                 	db	82	;'R'
  1845   007F1E  20                 	db	32
  1846   007F1F  69                 	db	105	;'i'
  1847   007F20  6E                 	db	110	;'n'
  1848   007F21  69                 	db	105	;'i'
  1849   007F22  63                 	db	99	;'c'
  1850   007F23  69                 	db	105	;'i'
  1851   007F24  61                 	db	97	;'a'
  1852   007F25  64                 	db	100	;'d'
  1853   007F26  61                 	db	97	;'a'
  1854   007F27  00                 	db	0
  1855   007F28                     STR_3:
  1856   007F28  4C                 	db	76	;'L'
  1857   007F29  45                 	db	69	;'E'
  1858   007F2A  44                 	db	68	;'D'
  1859   007F2B  73                 	db	115	;'s'
  1860   007F2C  20                 	db	32
  1861   007F2D  69                 	db	105	;'i'
  1862   007F2E  6E                 	db	110	;'n'
  1863   007F2F  64                 	db	100	;'d'
  1864   007F30  69                 	db	105	;'i'
  1865   007F31  63                 	db	99	;'c'
  1866   007F32  61                 	db	97	;'a'
  1867   007F33  64                 	db	100	;'d'
  1868   007F34  6F                 	db	111	;'o'
  1869   007F35  72                 	db	114	;'r'
  1870   007F36  65                 	db	101	;'e'
  1871   007F37  73                 	db	115	;'s'
  1872   007F38  20                 	db	32
  1873   007F39  61                 	db	97	;'a'
  1874   007F3A  63                 	db	99	;'c'
  1875   007F3B  74                 	db	116	;'t'
  1876   007F3C  69                 	db	105	;'i'
  1877   007F3D  76                 	db	118	;'v'
  1878   007F3E  6F                 	db	111	;'o'
  1879   007F3F  73                 	db	115	;'s'
  1880   007F40  00                 	db	0
  1881   007F41                     STR_5:
  1882   007F41  56                 	db	86	;'V'
  1883   007F42  65                 	db	101	;'e'
  1884   007F43  72                 	db	114	;'r'
  1885   007F44  69                 	db	105	;'i'
  1886   007F45  66                 	db	102	;'f'
  1887   007F46  69                 	db	105	;'i'
  1888   007F47  63                 	db	99	;'c'
  1889   007F48  61                 	db	97	;'a'
  1890   007F49  6E                 	db	110	;'n'
  1891   007F4A  64                 	db	100	;'d'
  1892   007F4B  6F                 	db	111	;'o'
  1893   007F4C  20                 	db	32
  1894   007F4D  4D                 	db	77	;'M'
  1895   007F4E  41                 	db	65	;'A'
  1896   007F4F  58                 	db	88	;'X'
  1897   007F50  33                 	db	51	;'3'
  1898   007F51  30                 	db	48	;'0'
  1899   007F52  31                 	db	49	;'1'
  1900   007F53  30                 	db	48	;'0'
  1901   007F54  32                 	db	50	;'2'
  1902   007F55  2E                 	db	46
  1903   007F56  2E                 	db	46
  1904   007F57  2E                 	db	46
  1905   007F58  00                 	db	0
  1906   007F59                     STR_1:
  1907   007F59  53                 	db	83	;'S'
  1908   007F5A  69                 	db	105	;'i'
  1909   007F5B  73                 	db	115	;'s'
  1910   007F5C  74                 	db	116	;'t'
  1911   007F5D  65                 	db	101	;'e'
  1912   007F5E  6D                 	db	109	;'m'
  1913   007F5F  61                 	db	97	;'a'
  1914   007F60  20                 	db	32
  1915   007F61  69                 	db	105	;'i'
  1916   007F62  6E                 	db	110	;'n'
  1917   007F63  69                 	db	105	;'i'
  1918   007F64  63                 	db	99	;'c'
  1919   007F65  69                 	db	105	;'i'
  1920   007F66  61                 	db	97	;'a'
  1921   007F67  64                 	db	100	;'d'
  1922   007F68  6F                 	db	111	;'o'
  1923   007F69  00                 	db	0
  1924   007F6A                     STR_2:
  1925   007F6A  4F                 	db	79	;'O'
  1926   007F6B  4C                 	db	76	;'L'
  1927   007F6C  45                 	db	69	;'E'
  1928   007F6D  44                 	db	68	;'D'
  1929   007F6E  20                 	db	32
  1930   007F6F  66                 	db	102	;'f'
  1931   007F70  75                 	db	117	;'u'
  1932   007F71  6E                 	db	110	;'n'
  1933   007F72  63                 	db	99	;'c'
  1934   007F73  69                 	db	105	;'i'
  1935   007F74  6F                 	db	111	;'o'
  1936   007F75  6E                 	db	110	;'n'
  1937   007F76  61                 	db	97	;'a'
  1938   007F77  6E                 	db	110	;'n'
  1939   007F78  64                 	db	100	;'d'
  1940   007F79  6F                 	db	111	;'o'
  1941   007F7A  00                 	db	0
  1942   007F7B                     STR_21:
  1943   007F7B  4D                 	db	77	;'M'
  1944   007F7C  75                 	db	117	;'u'
  1945   007F7D  65                 	db	101	;'e'
  1946   007F7E  73                 	db	115	;'s'
  1947   007F7F  74                 	db	116	;'t'
  1948   007F80  72                 	db	114	;'r'
  1949   007F81  61                 	db	97	;'a'
  1950   007F82  09                 	db	9
  1951   007F83  52                 	db	82	;'R'
  1952   007F84  45                 	db	69	;'E'
  1953   007F85  44                 	db	68	;'D'
  1954   007F86  09                 	db	9
  1955   007F87  49                 	db	73	;'I'
  1956   007F88  52                 	db	82	;'R'
  1957   007F89  00                 	db	0
  1958   007F8A                     STR_8:
  1959   007F8A  4D                 	db	77	;'M'
  1960   007F8B  41                 	db	65	;'A'
  1961   007F8C  58                 	db	88	;'X'
  1962   007F8D  33                 	db	51	;'3'
  1963   007F8E  30                 	db	48	;'0'
  1964   007F8F  31                 	db	49	;'1'
  1965   007F90  30                 	db	48	;'0'
  1966   007F91  32                 	db	50	;'2'
  1967   007F92  20                 	db	32
  1968   007F93  45                 	db	69	;'E'
  1969   007F94  52                 	db	82	;'R'
  1970   007F95  52                 	db	82	;'R'
  1971   007F96  4F                 	db	79	;'O'
  1972   007F97  52                 	db	82	;'R'
  1973   007F98  00                 	db	0
  1974   007F99                     STR_13:
  1975   007F99  53                 	db	83	;'S'
  1976   007F9A  69                 	db	105	;'i'
  1977   007F9B  67                 	db	103	;'g'
  1978   007F9C  6E                 	db	110	;'n'
  1979   007F9D  6F                 	db	111	;'o'
  1980   007F9E  73                 	db	115	;'s'
  1981   007F9F  20                 	db	32
  1982   007FA0  56                 	db	86	;'V'
  1983   007FA1  69                 	db	105	;'i'
  1984   007FA2  74                 	db	116	;'t'
  1985   007FA3  61                 	db	97	;'a'
  1986   007FA4  6C                 	db	108	;'l'
  1987   007FA5  65                 	db	101	;'e'
  1988   007FA6  73                 	db	115	;'s'
  1989   007FA7  00                 	db	0
  1990   007FA8                     STR_16:
  1991   007FA8  4D                 	db	77	;'M'
  1992   007FA9  41                 	db	65	;'A'
  1993   007FAA  58                 	db	88	;'X'
  1994   007FAB  33                 	db	51	;'3'
  1995   007FAC  30                 	db	48	;'0'
  1996   007FAD  31                 	db	49	;'1'
  1997   007FAE  30                 	db	48	;'0'
  1998   007FAF  32                 	db	50	;'2'
  1999   007FB0  20                 	db	32
  2000   007FB1  44                 	db	68	;'D'
  2001   007FB2  41                 	db	65	;'A'
  2002   007FB3  54                 	db	84	;'T'
  2003   007FB4  41                 	db	65	;'A'
  2004   007FB5  00                 	db	0
  2005   007FB6                     STR_10:
  2006   007FB6  53                 	db	83	;'S'
  2007   007FB7  44                 	db	68	;'D'
  2008   007FB8  41                 	db	65	;'A'
  2009   007FB9  20                 	db	32
  2010   007FBA  53                 	db	83	;'S'
  2011   007FBB  43                 	db	67	;'C'
  2012   007FBC  4C                 	db	76	;'L'
  2013   007FBD  20                 	db	32
  2014   007FBE  56                 	db	86	;'V'
  2015   007FBF  43                 	db	67	;'C'
  2016   007FC0  43                 	db	67	;'C'
  2017   007FC1  00                 	db	0
  2018   007FC2                     STR_14:
  2019   007FC2  4C                 	db	76	;'L'
  2020   007FC3  65                 	db	101	;'e'
  2021   007FC4  79                 	db	121	;'y'
  2022   007FC5  65                 	db	101	;'e'
  2023   007FC6  6E                 	db	110	;'n'
  2024   007FC7  64                 	db	100	;'d'
  2025   007FC8  6F                 	db	111	;'o'
  2026   007FC9  20                 	db	32
  2027   007FCA  4D                 	db	77	;'M'
  2028   007FCB  41                 	db	65	;'A'
  2029   007FCC  58                 	db	88	;'X'
  2030   007FCD  00                 	db	0
  2031   007FCE                     STR_19:
  2032   007FCE  4C                 	db	76	;'L'
  2033   007FCF  65                 	db	101	;'e'
  2034   007FD0  79                 	db	121	;'y'
  2035   007FD1  65                 	db	101	;'e'
  2036   007FD2  6E                 	db	110	;'n'
  2037   007FD3  64                 	db	100	;'d'
  2038   007FD4  6F                 	db	111	;'o'
  2039   007FD5  2E                 	db	46
  2040   007FD6  2E                 	db	46
  2041   007FD7  2E                 	db	46
  2042   007FD8  00                 	db	0
  2043   007FD9                     STR_9:
  2044   007FD9  52                 	db	82	;'R'
  2045   007FDA  65                 	db	101	;'e'
  2046   007FDB  76                 	db	118	;'v'
  2047   007FDC  69                 	db	105	;'i'
  2048   007FDD  73                 	db	115	;'s'
  2049   007FDE  65                 	db	101	;'e'
  2050   007FDF  20                 	db	32
  2051   007FE0  49                 	db	73	;'I'
  2052   007FE1  32                 	db	50	;'2'
  2053   007FE2  43                 	db	67	;'C'
  2054   007FE3  00                 	db	0
  2055   007FE4                     STR_15:
  2056   007FE4  52                 	db	82	;'R'
  2057   007FE5  45                 	db	69	;'E'
  2058   007FE6  44                 	db	68	;'D'
  2059   007FE7  20                 	db	32
  2060   007FE8  2F                 	db	47
  2061   007FE9  20                 	db	32
  2062   007FEA  49                 	db	73	;'I'
  2063   007FEB  52                 	db	82	;'R'
  2064   007FEC  00                 	db	0
  2065   007FED                     STR_17:
  2066   007FED  52                 	db	82	;'R'
  2067   007FEE  45                 	db	69	;'E'
  2068   007FEF  44                 	db	68	;'D'
  2069   007FF0  3A                 	db	58	;':'
  2070   007FF1  00                 	db	0
  2071   007FF2                     STR_18:
  2072   007FF2  49                 	db	73	;'I'
  2073   007FF3  52                 	db	82	;'R'
  2074   007FF4  3A                 	db	58	;':'
  2075   007FF5  00                 	db	0
  2076   007FF6                     STR_25:
  2077   007FF6  0D                 	db	13
  2078   007FF7  0A                 	db	10
  2079   007FF8  00                 	db	0
  2080   007FF9                     STR_23:
  2081   007FF9  09                 	db	9
  2082   007FFA  00                 	db	0
  2083   007FF9                     STR_24          equ	STR_23
  2084   007FFA                     STR_20          equ	STR_23+1
  2085   007FFB  00                 	db	0	; dummy byte at the end
  2086   007C98                     __smallconst    set	__pmediumconst
  2087   007C98                     __mediumconst   set	__pmediumconst
  2088   000002                     __activetblptr  equ	2
  2089                           
  2090                           ; #config settings
  2091                           
  2092                           	psect	cinit
  2093   006DDC                     __pcinit:
  2094                           	callstack 0
  2095   006DDC                     start_initialization:
  2096                           	callstack 0
  2097   006DDC                     __initialization:
  2098                           	callstack 0
  2099                           
  2100                           ; Clear objects allocated to COMRAM (2 bytes)
  2101   006DDC  6A47               	clrf	(__pbssCOMRAM+1)& (0+255),c
  2102   006DDE  6A46               	clrf	__pbssCOMRAM& (0+255),c
  2103   006DE0                     end_of_initialization:
  2104                           	callstack 0
  2105   006DE0                     __end_of__initialization:
  2106                           	callstack 0
  2107   006DE0  0E00               	movlw	low (__Lmediumconst shr (0+16))
  2108   006DE2  6EF8               	movwf	tblptru,c
  2109   006DE4  0100               	movlb	0
  2110   006DE6  EF43  F03D         	goto	_main	;jump to C main() function
  2111                           
  2112                           	psect	bssCOMRAM
  2113   000046                     __pbssCOMRAM:
  2114                           	callstack 0
  2115   000046                     _oled_page:
  2116                           	callstack 0
  2117   000046                     	ds	1
  2118   000047                     _oled_column:
  2119                           	callstack 0
  2120   000047                     	ds	1
  2121                           
  2122                           	psect	cstackCOMRAM
  2123   000001                     __pcstackCOMRAM:
  2124                           	callstack 0
  2125   000001                     ?___lwdiv:
  2126                           	callstack 0
  2127   000001                     ?___lwmod:
  2128                           	callstack 0
  2129   000001                     ?___llmod:
  2130                           	callstack 0
  2131   000001                     ?___lldiv:
  2132                           	callstack 0
  2133   000001                     UART_WriteChar@data:
  2134                           	callstack 0
  2135   000001                     ___lwdiv@dividend:
  2136                           	callstack 0
  2137   000001                     ___lwmod@dividend:
  2138                           	callstack 0
  2139   000001                     ___lldiv@dividend:
  2140                           	callstack 0
  2141   000001                     ___llmod@dividend:
  2142                           	callstack 0
  2143   000001                     ??_I2C_Master_Wait:
  2144   000001                     
  2145                           ; 1 bytes @ 0x0
  2146   000001                     	ds	1
  2147   000002                     I2C_Master_Write@data:
  2148                           	callstack 0
  2149   000002                     I2C_Master_Read@ack:
  2150                           	callstack 0
  2151   000002                     UART_WriteString@text:
  2152                           	callstack 0
  2153   000002                     
  2154                           ; 1 bytes @ 0x1
  2155   000002                     	ds	1
  2156   000003                     I2C_Master_Read@data:
  2157                           	callstack 0
  2158   000003                     SSD1306_Command@command:
  2159                           	callstack 0
  2160   000003                     SSD1306_Data@data:
  2161                           	callstack 0
  2162   000003                     MAX30102_WriteRegister@value:
  2163                           	callstack 0
  2164   000003                     ___lwdiv@divisor:
  2165                           	callstack 0
  2166   000003                     ___lwmod@divisor:
  2167                           	callstack 0
  2168   000003                     
  2169                           ; 1 bytes @ 0x2
  2170   000003                     	ds	1
  2171   000004                     SSD1306_SetCursor@page:
  2172                           	callstack 0
  2173   000004                     MAX30102_WriteRegister@reg:
  2174                           	callstack 0
  2175   000004                     MAX30102_ReadRegister@reg:
  2176                           	callstack 0
  2177   000004                     MAX30102_ReadMulti@buffer:
  2178                           	callstack 0
  2179   000004                     UART_WriteLine@text:
  2180                           	callstack 0
  2181   000004                     
  2182                           ; 1 bytes @ 0x3
  2183   000004                     	ds	1
  2184   000005                     SSD1306_SetCursor@column:
  2185                           	callstack 0
  2186   000005                     MAX30102_ReadRegister@value:
  2187                           	callstack 0
  2188   000005                     MAX30102_ReadMulti@length:
  2189                           	callstack 0
  2190   000005                     ___lwmod@counter:
  2191                           	callstack 0
  2192   000005                     ___lwdiv@quotient:
  2193                           	callstack 0
  2194   000005                     ___lldiv@divisor:
  2195                           	callstack 0
  2196   000005                     ___llmod@divisor:
  2197                           	callstack 0
  2198   000005                     
  2199                           ; 1 bytes @ 0x4
  2200   000005                     	ds	1
  2201   000006                     SSD1306_ClearDisplay@column:
  2202                           	callstack 0
  2203   000006                     ??_MAX30102_Init:
  2204   000006                     ??_SSD1306_WriteChar:
  2205   000006                     ??_MAX30102_ReadMulti:
  2206                           
  2207                           ; 1 bytes @ 0x5
  2208   000006                     	ds	1
  2209   000007                     SSD1306_ClearDisplay@page:
  2210                           	callstack 0
  2211   000007                     ___lwdiv@counter:
  2212                           	callstack 0
  2213                           
  2214                           ; 1 bytes @ 0x6
  2215   000007                     	ds	1
  2216   000008                     MAX30102_Init@part_id:
  2217                           	callstack 0
  2218   000008                     UInt16_ToString@value:
  2219                           	callstack 0
  2220   000008                     ??_SSD1306_Init:
  2221                           
  2222                           ; 1 bytes @ 0x7
  2223   000008                     	ds	1
  2224   000009                     ___llmod@counter:
  2225                           	callstack 0
  2226   000009                     ___lldiv@quotient:
  2227                           	callstack 0
  2228   000009                     
  2229                           ; 1 bytes @ 0x8
  2230   000009                     	ds	1
  2231   00000A                     UInt16_ToString@buffer:
  2232                           	callstack 0
  2233   00000A                     SSD1306_WriteChar@index:
  2234                           	callstack 0
  2235                           
  2236                           ; 2 bytes @ 0x9
  2237   00000A                     	ds	1
  2238   00000B                     MAX30102_ReadMulti@reg:
  2239                           	callstack 0
  2240   00000B                     UInt16_ToString@temp:
  2241                           	callstack 0
  2242   00000B                     
  2243                           ; 1 bytes @ 0xA
  2244   00000B                     	ds	1
  2245   00000C                     SSD1306_WriteChar@c:
  2246                           	callstack 0
  2247   00000C                     MAX30102_ReadMulti@i:
  2248                           	callstack 0
  2249                           
  2250                           ; 1 bytes @ 0xB
  2251   00000C                     	ds	1
  2252   00000D                     SSD1306_WriteChar@i:
  2253                           	callstack 0
  2254   00000D                     MAX30102_ReadFIFO@red_value:
  2255                           	callstack 0
  2256   00000D                     ___lldiv@counter:
  2257                           	callstack 0
  2258                           
  2259                           ; 1 bytes @ 0xC
  2260   00000D                     	ds	1
  2261   00000E                     SSD1306_WriteChar@character:
  2262                           	callstack 0
  2263   00000E                     MAX30102_ReadFIFO@ir_value:
  2264                           	callstack 0
  2265   00000E                     UInt32_ToString@value:
  2266                           	callstack 0
  2267   00000E                     I2C_Master_Init@clock_hz:
  2268                           	callstack 0
  2269                           
  2270                           ; 4 bytes @ 0xD
  2271   00000E                     	ds	1
  2272   00000F                     SSD1306_WriteString@str:
  2273                           	callstack 0
  2274   00000F                     ??_MAX30102_ReadFIFO:
  2275                           
  2276                           ; 1 bytes @ 0xE
  2277   00000F                     	ds	2
  2278   000011                     UInt16_ToString@j:
  2279                           	callstack 0
  2280   000011                     
  2281                           ; 1 bytes @ 0x10
  2282   000011                     	ds	1
  2283   000012                     UInt16_ToString@i:
  2284                           	callstack 0
  2285   000012                     UInt32_ToString@buffer:
  2286                           	callstack 0
  2287   000012                     ??_I2C_Master_Init:
  2288                           
  2289                           ; 1 bytes @ 0x11
  2290   000012                     	ds	1
  2291   000013                     UInt32_ToString@temp:
  2292                           	callstack 0
  2293   000013                     
  2294                           ; 1 bytes @ 0x12
  2295   000013                     	ds	3
  2296   000016                     
  2297                           ; 1 bytes @ 0x15
  2298   000016                     	ds	8
  2299   00001E                     UInt32_ToString@j:
  2300                           	callstack 0
  2301                           
  2302                           ; 1 bytes @ 0x1D
  2303   00001E                     	ds	1
  2304   00001F                     UInt32_ToString@i:
  2305                           	callstack 0
  2306   00001F                     MAX30102_ReadFIFO@data:
  2307                           	callstack 0
  2308                           
  2309                           ; 6 bytes @ 0x1E
  2310   00001F                     	ds	1
  2311   000020                     Send_Red_Ir_By_UART@sample:
  2312                           	callstack 0
  2313   000020                     Show_Red_Ir_On_OLED@red_value:
  2314                           	callstack 0
  2315                           
  2316                           ; 4 bytes @ 0x1F
  2317   000020                     	ds	2
  2318   000022                     Send_Red_Ir_By_UART@red_value:
  2319                           	callstack 0
  2320                           
  2321                           ; 4 bytes @ 0x21
  2322   000022                     	ds	2
  2323   000024                     Show_Red_Ir_On_OLED@ir_value:
  2324                           	callstack 0
  2325                           
  2326                           ; 4 bytes @ 0x23
  2327   000024                     	ds	2
  2328   000026                     Send_Red_Ir_By_UART@ir_value:
  2329                           	callstack 0
  2330                           
  2331                           ; 4 bytes @ 0x25
  2332   000026                     	ds	2
  2333   000028                     Show_Red_Ir_On_OLED@text:
  2334                           	callstack 0
  2335   000028                     
  2336                           ; 1 bytes @ 0x27
  2337   000028                     	ds	2
  2338   00002A                     Send_Red_Ir_By_UART@text:
  2339                           	callstack 0
  2340   00002A                     
  2341                           ; 1 bytes @ 0x29
  2342   00002A                     	ds	12
  2343   000036                     ??_main:
  2344                           
  2345                           ; 1 bytes @ 0x35
  2346   000036                     	ds	1
  2347   000037                     main@sample:
  2348                           	callstack 0
  2349                           
  2350                           ; 2 bytes @ 0x36
  2351   000037                     	ds	2
  2352   000039                     main@display_counter:
  2353                           	callstack 0
  2354                           
  2355                           ; 2 bytes @ 0x38
  2356   000039                     	ds	2
  2357   00003B                     main@uart_counter:
  2358                           	callstack 0
  2359                           
  2360                           ; 2 bytes @ 0x3A
  2361   00003B                     	ds	2
  2362   00003D                     main@max_ok:
  2363                           	callstack 0
  2364                           
  2365                           ; 1 bytes @ 0x3C
  2366   00003D                     	ds	1
  2367   00003E                     main@red_value:
  2368                           	callstack 0
  2369                           
  2370                           ; 4 bytes @ 0x3D
  2371   00003E                     	ds	4
  2372   000042                     main@ir_value:
  2373                           	callstack 0
  2374                           
  2375                           ; 4 bytes @ 0x41
  2376   000042                     	ds	4
  2377                           
  2378 ;;
  2379 ;;Main: autosize = 0, tempsize = 1, incstack = 0, save=0
  2380 ;;
  2381 ;; *************** function _main *****************
  2382 ;; Defined at:
  2383 ;;		line 72 in file "main.c"
  2384 ;; Parameters:    Size  Location     Type
  2385 ;;		None
  2386 ;; Auto vars:     Size  Location     Type
  2387 ;;  ir_value        4   65[COMRAM] unsigned long 
  2388 ;;  red_value       4   61[COMRAM] unsigned long 
  2389 ;;  uart_counter    2   58[COMRAM] unsigned short 
  2390 ;;  display_coun    2   56[COMRAM] unsigned short 
  2391 ;;  sample          2   54[COMRAM] unsigned short 
  2392 ;;  max_ok          1   60[COMRAM] unsigned char 
  2393 ;; Return value:  Size  Location     Type
  2394 ;;                  1    wreg      void 
  2395 ;; Registers used:
  2396 ;;		wreg, fsr0l, fsr0h, fsr1l, fsr1h, fsr2l, fsr2h, status,2, status,0, tblptrl, tblptrh, tblptru, prodl, prodh, cstack
  2397 ;; Tracked objects:
  2398 ;;		On entry : 0/0
  2399 ;;		On exit  : 0/0
  2400 ;;		Unchanged: 0/0
  2401 ;; Data sizes:     COMRAM   BANK0   BANK1   BANK2   BANK3   BANK4   BANK5   BANK6   BANK7
  2402 ;;      Params:         0       0       0       0       0       0       0       0       0
  2403 ;;      Locals:        15       0       0       0       0       0       0       0       0
  2404 ;;      Temps:          1       0       0       0       0       0       0       0       0
  2405 ;;      Totals:        16       0       0       0       0       0       0       0       0
  2406 ;;Total ram usage:       16 bytes
  2407 ;; Hardware stack levels required when called: 4
  2408 ;; This function calls:
  2409 ;;		_LED_Status_Off
  2410 ;;		_LED_Status_On
  2411 ;;		_LED_Wait_Off
  2412 ;;		_LED_Wait_On
  2413 ;;		_MAX30102_Init
  2414 ;;		_MAX30102_ReadFIFO
  2415 ;;		_SSD1306_ClearDisplay
  2416 ;;		_SSD1306_SetCursor
  2417 ;;		_SSD1306_WriteString
  2418 ;;		_Send_Header_By_UART
  2419 ;;		_Send_Red_Ir_By_UART
  2420 ;;		_Show_Red_Ir_On_OLED
  2421 ;;		_System_Init
  2422 ;;		_UART_WriteLine
  2423 ;; This function is called by:
  2424 ;;		Startup code after reset
  2425 ;; This function uses a non-reentrant model
  2426 ;;
  2427                           
  2428                           	psect	text0
  2429   007A86                     __ptext0:
  2430                           	callstack 0
  2431   007A86                     _main:
  2432                           	callstack 27
  2433   007A86                     
  2434                           ;main.c: 76:     uint32_t red_value = 0;
  2435   007A86  0E00               	movlw	0
  2436   007A88  6E3E               	movwf	main@red_value^0,c
  2437   007A8A  0E00               	movlw	0
  2438   007A8C  6E3F               	movwf	(main@red_value+1)^0,c
  2439   007A8E  0E00               	movlw	0
  2440   007A90  6E40               	movwf	(main@red_value+2)^0,c
  2441   007A92  0E00               	movlw	0
  2442   007A94  6E41               	movwf	(main@red_value+3)^0,c
  2443                           
  2444                           ;main.c: 77:     uint32_t ir_value = 0;
  2445   007A96  0E00               	movlw	0
  2446   007A98  6E42               	movwf	main@ir_value^0,c
  2447   007A9A  0E00               	movlw	0
  2448   007A9C  6E43               	movwf	(main@ir_value+1)^0,c
  2449   007A9E  0E00               	movlw	0
  2450   007AA0  6E44               	movwf	(main@ir_value+2)^0,c
  2451   007AA2  0E00               	movlw	0
  2452   007AA4  6E45               	movwf	(main@ir_value+3)^0,c
  2453                           
  2454                           ;main.c: 79:     uint16_t sample = 0;
  2455   007AA6  6A38               	clrf	(main@sample+1)^0,c
  2456   007AA8  0E00               	movlw	0
  2457   007AAA  6E37               	movwf	main@sample^0,c
  2458                           
  2459                           ;main.c: 80:     uint16_t display_counter = 0;
  2460   007AAC  6A3A               	clrf	(main@display_counter+1)^0,c
  2461   007AAE  0E00               	movlw	0
  2462   007AB0  6E39               	movwf	main@display_counter^0,c
  2463                           
  2464                           ;main.c: 81:     uint16_t uart_counter = 0;
  2465   007AB2  6A3C               	clrf	(main@uart_counter+1)^0,c
  2466   007AB4  0E00               	movlw	0
  2467   007AB6  6E3B               	movwf	main@uart_counter^0,c
  2468   007AB8                     
  2469                           ;main.c: 83:     System_Init();
  2470   007AB8  EC20  F038         	call	_System_Init	;wreg free
  2471   007ABC                     
  2472                           ;main.c: 88:     UART_WriteLine("Sistema iniciado");
  2473   007ABC  0E59               	movlw	low STR_1
  2474   007ABE  6E04               	movwf	UART_WriteLine@text^0,c
  2475   007AC0  0E7F               	movlw	high STR_1
  2476   007AC2  6E05               	movwf	(UART_WriteLine@text+1)^0,c
  2477   007AC4  EC2A  F037         	call	_UART_WriteLine	;wreg free
  2478   007AC8                     
  2479                           ;main.c: 89:     UART_WriteLine("OLED funcionando");
  2480   007AC8  0E6A               	movlw	low STR_2
  2481   007ACA  6E04               	movwf	UART_WriteLine@text^0,c
  2482   007ACC  0E7F               	movlw	high STR_2
  2483   007ACE  6E05               	movwf	(UART_WriteLine@text+1)^0,c
  2484   007AD0  EC2A  F037         	call	_UART_WriteLine	;wreg free
  2485   007AD4                     
  2486                           ;main.c: 90:     UART_WriteLine("LEDs indicadores activos");
  2487   007AD4  0E28               	movlw	low STR_3
  2488   007AD6  6E04               	movwf	UART_WriteLine@text^0,c
  2489   007AD8  0E7F               	movlw	high STR_3
  2490   007ADA  6E05               	movwf	(UART_WriteLine@text+1)^0,c
  2491   007ADC  EC2A  F037         	call	_UART_WriteLine	;wreg free
  2492   007AE0                     
  2493                           ;main.c: 91:     UART_WriteLine("UART funcionando a 9600 baudios");
  2494   007AE0  0E9A               	movlw	low STR_4
  2495   007AE2  6E04               	movwf	UART_WriteLine@text^0,c
  2496   007AE4  0E7E               	movlw	high STR_4
  2497   007AE6  6E05               	movwf	(UART_WriteLine@text+1)^0,c
  2498   007AE8  EC2A  F037         	call	_UART_WriteLine	;wreg free
  2499   007AEC                     
  2500                           ;main.c: 92:     UART_WriteLine("Verificando MAX30102...");
  2501   007AEC  0E41               	movlw	low STR_5
  2502   007AEE  6E04               	movwf	UART_WriteLine@text^0,c
  2503   007AF0  0E7F               	movlw	high STR_5
  2504   007AF2  6E05               	movwf	(UART_WriteLine@text+1)^0,c
  2505   007AF4  EC2A  F037         	call	_UART_WriteLine	;wreg free
  2506   007AF8                     
  2507                           ;main.c: 97:     max_ok = MAX30102_Init();
  2508   007AF8  EC09  F03A         	call	_MAX30102_Init	;wreg free
  2509   007AFC  6E3D               	movwf	main@max_ok^0,c
  2510   007AFE                     
  2511                           ;main.c: 99:     SSD1306_ClearDisplay();
  2512   007AFE  ECFA  F037         	call	_SSD1306_ClearDisplay	;wreg free
  2513   007B02                     
  2514                           ;main.c: 101:     if (max_ok == 0)
  2515   007B02  503D               	movf	main@max_ok^0,w,c
  2516   007B04  A4D8               	btfss	status,2,c
  2517   007B06  EF87  F03D         	goto	u971
  2518   007B0A  EF89  F03D         	goto	u970
  2519   007B0E                     u971:
  2520   007B0E  EFBD  F03D         	goto	l2274
  2521   007B12                     u970:
  2522   007B12                     
  2523                           ;main.c: 102:     {;main.c: 103:         LED_Status_Off();
  2524   007B12  ECDB  F036         	call	_LED_Status_Off	;wreg free
  2525                           
  2526                           ;main.c: 104:         LED_Wait_Off();
  2527   007B16  ECD7  F036         	call	_LED_Wait_Off	;wreg free
  2528   007B1A                     
  2529                           ;main.c: 106:         UART_WriteLine("ERROR: MAX30102 no detectado");
  2530   007B1A  0EBA               	movlw	low STR_6
  2531   007B1C  6E04               	movwf	UART_WriteLine@text^0,c
  2532   007B1E  0E7E               	movlw	high STR_6
  2533   007B20  6E05               	movwf	(UART_WriteLine@text+1)^0,c
  2534   007B22  EC2A  F037         	call	_UART_WriteLine	;wreg free
  2535   007B26                     
  2536                           ;main.c: 107:         UART_WriteLine("Revise VCC, GND, SDA y SCL");
  2537   007B26  0EF3               	movlw	low STR_7
  2538   007B28  6E04               	movwf	UART_WriteLine@text^0,c
  2539   007B2A  0E7E               	movlw	high STR_7
  2540   007B2C  6E05               	movwf	(UART_WriteLine@text+1)^0,c
  2541   007B2E  EC2A  F037         	call	_UART_WriteLine	;wreg free
  2542   007B32                     
  2543                           ;main.c: 109:         SSD1306_SetCursor(10, 0);
  2544   007B32  0E00               	movlw	0
  2545   007B34  6E04               	movwf	SSD1306_SetCursor@page^0,c
  2546   007B36  0E0A               	movlw	10
  2547   007B38  ECD4  F037         	call	_SSD1306_SetCursor
  2548   007B3C                     
  2549                           ;main.c: 110:         SSD1306_WriteString("MAX30102 ERROR");
  2550   007B3C  0E8A               	movlw	low STR_8
  2551   007B3E  6E0F               	movwf	SSD1306_WriteString@str^0,c
  2552   007B40  0E7F               	movlw	high STR_8
  2553   007B42  6E10               	movwf	(SSD1306_WriteString@str+1)^0,c
  2554   007B44  ECA7  F038         	call	_SSD1306_WriteString	;wreg free
  2555   007B48                     
  2556                           ;main.c: 112:         SSD1306_SetCursor(10, 2);
  2557   007B48  0E02               	movlw	2
  2558   007B4A  6E04               	movwf	SSD1306_SetCursor@page^0,c
  2559   007B4C  0E0A               	movlw	10
  2560   007B4E  ECD4  F037         	call	_SSD1306_SetCursor
  2561   007B52                     
  2562                           ;main.c: 113:         SSD1306_WriteString("Revise I2C");
  2563   007B52  0ED9               	movlw	low STR_9
  2564   007B54  6E0F               	movwf	SSD1306_WriteString@str^0,c
  2565   007B56  0E7F               	movlw	high STR_9
  2566   007B58  6E10               	movwf	(SSD1306_WriteString@str+1)^0,c
  2567   007B5A  ECA7  F038         	call	_SSD1306_WriteString	;wreg free
  2568   007B5E                     
  2569                           ;main.c: 115:         SSD1306_SetCursor(10, 4);
  2570   007B5E  0E04               	movlw	4
  2571   007B60  6E04               	movwf	SSD1306_SetCursor@page^0,c
  2572   007B62  0E0A               	movlw	10
  2573   007B64  ECD4  F037         	call	_SSD1306_SetCursor
  2574   007B68                     
  2575                           ;main.c: 116:         SSD1306_WriteString("SDA SCL VCC");
  2576   007B68  0EB6               	movlw	low STR_10
  2577   007B6A  6E0F               	movwf	SSD1306_WriteString@str^0,c
  2578   007B6C  0E7F               	movlw	high STR_10
  2579   007B6E  6E10               	movwf	(SSD1306_WriteString@str+1)^0,c
  2580   007B70  ECA7  F038         	call	_SSD1306_WriteString	;wreg free
  2581   007B74                     l2272:
  2582                           
  2583                           ;main.c: 119:         {;main.c: 120:             __nop();
  2584   007B74  0000               	nop	
  2585   007B76  EFBA  F03D         	goto	l2272
  2586   007B7A                     l2274:
  2587                           
  2588                           ;main.c: 127:     LED_Status_On();
  2589   007B7A  ECD5  F036         	call	_LED_Status_On	;wreg free
  2590                           
  2591                           ;main.c: 128:     LED_Wait_On();
  2592   007B7E  ECDD  F036         	call	_LED_Wait_On	;wreg free
  2593   007B82                     
  2594                           ;main.c: 130:     UART_WriteLine("MAX30102 detectado correctamente");
  2595   007B82  0E79               	movlw	low STR_11
  2596   007B84  6E04               	movwf	UART_WriteLine@text^0,c
  2597   007B86  0E7E               	movlw	high STR_11
  2598   007B88  6E05               	movwf	(UART_WriteLine@text+1)^0,c
  2599   007B8A  EC2A  F037         	call	_UART_WriteLine	;wreg free
  2600   007B8E                     
  2601                           ;main.c: 131:     UART_WriteLine("Lectura RED e IR iniciada");
  2602   007B8E  0E0E               	movlw	low STR_12
  2603   007B90  6E04               	movwf	UART_WriteLine@text^0,c
  2604   007B92  0E7F               	movlw	high STR_12
  2605   007B94  6E05               	movwf	(UART_WriteLine@text+1)^0,c
  2606   007B96  EC2A  F037         	call	_UART_WriteLine	;wreg free
  2607   007B9A                     
  2608                           ;main.c: 133:     Send_Header_By_UART();
  2609   007B9A  EC86  F037         	call	_Send_Header_By_UART	;wreg free
  2610   007B9E                     
  2611                           ;main.c: 135:     SSD1306_SetCursor(10, 0);
  2612   007B9E  0E00               	movlw	0
  2613   007BA0  6E04               	movwf	SSD1306_SetCursor@page^0,c
  2614   007BA2  0E0A               	movlw	10
  2615   007BA4  ECD4  F037         	call	_SSD1306_SetCursor
  2616   007BA8                     
  2617                           ;main.c: 136:     SSD1306_WriteString("Signos Vitales");
  2618   007BA8  0E99               	movlw	low STR_13
  2619   007BAA  6E0F               	movwf	SSD1306_WriteString@str^0,c
  2620   007BAC  0E7F               	movlw	high STR_13
  2621   007BAE  6E10               	movwf	(SSD1306_WriteString@str+1)^0,c
  2622   007BB0  ECA7  F038         	call	_SSD1306_WriteString	;wreg free
  2623   007BB4                     
  2624                           ;main.c: 138:     SSD1306_SetCursor(10, 2);
  2625   007BB4  0E02               	movlw	2
  2626   007BB6  6E04               	movwf	SSD1306_SetCursor@page^0,c
  2627   007BB8  0E0A               	movlw	10
  2628   007BBA  ECD4  F037         	call	_SSD1306_SetCursor
  2629   007BBE                     
  2630                           ;main.c: 139:     SSD1306_WriteString("Leyendo MAX");
  2631   007BBE  0EC2               	movlw	low STR_14
  2632   007BC0  6E0F               	movwf	SSD1306_WriteString@str^0,c
  2633   007BC2  0E7F               	movlw	high STR_14
  2634   007BC4  6E10               	movwf	(SSD1306_WriteString@str+1)^0,c
  2635   007BC6  ECA7  F038         	call	_SSD1306_WriteString	;wreg free
  2636   007BCA                     
  2637                           ;main.c: 141:     SSD1306_SetCursor(10, 4);
  2638   007BCA  0E04               	movlw	4
  2639   007BCC  6E04               	movwf	SSD1306_SetCursor@page^0,c
  2640   007BCE  0E0A               	movlw	10
  2641   007BD0  ECD4  F037         	call	_SSD1306_SetCursor
  2642   007BD4                     
  2643                           ;main.c: 142:     SSD1306_WriteString("RED / IR");
  2644   007BD4  0EE4               	movlw	low STR_15
  2645   007BD6  6E0F               	movwf	SSD1306_WriteString@str^0,c
  2646   007BD8  0E7F               	movlw	high STR_15
  2647   007BDA  6E10               	movwf	(SSD1306_WriteString@str+1)^0,c
  2648   007BDC  ECA7  F038         	call	_SSD1306_WriteString	;wreg free
  2649   007BE0                     l2294:
  2650                           
  2651                           ;main.c: 145:     {;main.c: 150:         MAX30102_ReadFIFO(&red_value, &ir_value);
  2652   007BE0  0E3E               	movlw	low main@red_value
  2653   007BE2  6E0D               	movwf	MAX30102_ReadFIFO@red_value^0,c
  2654   007BE4  0E42               	movlw	low main@ir_value
  2655   007BE6  6E0E               	movwf	MAX30102_ReadFIFO@ir_value^0,c
  2656   007BE8  ECB7  F03C         	call	_MAX30102_ReadFIFO	;wreg free
  2657   007BEC                     
  2658                           ;main.c: 155:         uart_counter++;
  2659   007BEC  4A3B               	infsnz	main@uart_counter^0,f,c
  2660   007BEE  2A3C               	incf	(main@uart_counter+1)^0,f,c
  2661   007BF0                     
  2662                           ;main.c: 157:         if (uart_counter >= 100u)
  2663   007BF0  503C               	movf	(main@uart_counter+1)^0,w,c
  2664   007BF2  E109               	bnz	u980
  2665   007BF4  0E64               	movlw	100
  2666   007BF6  5C3B               	subwf	main@uart_counter^0,w,c
  2667   007BF8  A0D8               	btfss	status,0,c
  2668   007BFA  EF01  F03E         	goto	u981
  2669   007BFE  EF03  F03E         	goto	u980
  2670   007C02                     u981:
  2671   007C02  EF1E  F03E         	goto	l2306
  2672   007C06                     u980:
  2673   007C06                     
  2674                           ;main.c: 158:         {;main.c: 159:             uart_counter = 0;
  2675   007C06  6A3C               	clrf	(main@uart_counter+1)^0,c
  2676   007C08  0E00               	movlw	0
  2677   007C0A  6E3B               	movwf	main@uart_counter^0,c
  2678   007C0C                     
  2679                           ;main.c: 160:             sample++;
  2680   007C0C  4A37               	infsnz	main@sample^0,f,c
  2681   007C0E  2A38               	incf	(main@sample+1)^0,f,c
  2682   007C10                     
  2683                           ;main.c: 162:             Send_Red_Ir_By_UART(sample, red_value, ir_value);
  2684   007C10  C037  F020         	movff	main@sample,Send_Red_Ir_By_UART@sample
  2685   007C14  C038  F021         	movff	main@sample+1,Send_Red_Ir_By_UART@sample+1
  2686   007C18  C03E  F022         	movff	main@red_value,Send_Red_Ir_By_UART@red_value
  2687   007C1C  C03F  F023         	movff	main@red_value+1,Send_Red_Ir_By_UART@red_value+1
  2688   007C20  C040  F024         	movff	main@red_value+2,Send_Red_Ir_By_UART@red_value+2
  2689   007C24  C041  F025         	movff	main@red_value+3,Send_Red_Ir_By_UART@red_value+3
  2690   007C28  C042  F026         	movff	main@ir_value,Send_Red_Ir_By_UART@ir_value
  2691   007C2C  C043  F027         	movff	main@ir_value+1,Send_Red_Ir_By_UART@ir_value+1
  2692   007C30  C044  F028         	movff	main@ir_value+2,Send_Red_Ir_By_UART@ir_value+2
  2693   007C34  C045  F029         	movff	main@ir_value+3,Send_Red_Ir_By_UART@ir_value+3
  2694   007C38  EC41  F039         	call	_Send_Red_Ir_By_UART	;wreg free
  2695   007C3C                     l2306:
  2696                           
  2697                           ;main.c: 168:         display_counter++;
  2698   007C3C  4A39               	infsnz	main@display_counter^0,f,c
  2699   007C3E  2A3A               	incf	(main@display_counter+1)^0,f,c
  2700   007C40                     
  2701                           ;main.c: 170:         if (display_counter >= 100u)
  2702   007C40  503A               	movf	(main@display_counter+1)^0,w,c
  2703   007C42  E109               	bnz	u990
  2704   007C44  0E64               	movlw	100
  2705   007C46  5C39               	subwf	main@display_counter^0,w,c
  2706   007C48  A0D8               	btfss	status,0,c
  2707   007C4A  EF29  F03E         	goto	u991
  2708   007C4E  EF2B  F03E         	goto	u990
  2709   007C52                     u991:
  2710   007C52  EF40  F03E         	goto	l2314
  2711   007C56                     u990:
  2712   007C56                     
  2713                           ;main.c: 171:         {;main.c: 172:             display_counter = 0;
  2714   007C56  6A3A               	clrf	(main@display_counter+1)^0,c
  2715   007C58  0E00               	movlw	0
  2716   007C5A  6E39               	movwf	main@display_counter^0,c
  2717   007C5C                     
  2718                           ;main.c: 174:             Show_Red_Ir_On_OLED(red_value, ir_value);
  2719   007C5C  C03E  F020         	movff	main@red_value,Show_Red_Ir_On_OLED@red_value
  2720   007C60  C03F  F021         	movff	main@red_value+1,Show_Red_Ir_On_OLED@red_value+1
  2721   007C64  C040  F022         	movff	main@red_value+2,Show_Red_Ir_On_OLED@red_value+2
  2722   007C68  C041  F023         	movff	main@red_value+3,Show_Red_Ir_On_OLED@red_value+3
  2723   007C6C  C042  F024         	movff	main@ir_value,Show_Red_Ir_On_OLED@ir_value
  2724   007C70  C043  F025         	movff	main@ir_value+1,Show_Red_Ir_On_OLED@ir_value+1
  2725   007C74  C044  F026         	movff	main@ir_value+2,Show_Red_Ir_On_OLED@ir_value+2
  2726   007C78  C045  F027         	movff	main@ir_value+3,Show_Red_Ir_On_OLED@ir_value+3
  2727   007C7C  EC5A  F03A         	call	_Show_Red_Ir_On_OLED	;wreg free
  2728   007C80                     l2314:
  2729                           
  2730                           ;main.c: 177:         _delay((unsigned long)((10u)*(8000000UL/4000.0)));
  2731   007C80  0E1A               	movlw	26
  2732   007C82  6E36               	movwf	??_main^0,c
  2733   007C84  0EF8               	movlw	248
  2734   007C86                     u1057:
  2735   007C86  2EE8               	decfsz	wreg,f,c
  2736   007C88  D7FE               	bra	u1057
  2737   007C8A  2E36               	decfsz	??_main^0,f,c
  2738   007C8C  D7FC               	bra	u1057
  2739   007C8E  D000               	nop2	
  2740   007C90  EFF0  F03D         	goto	l2294
  2741   007C94  EFFE  F03F         	goto	start
  2742   007C98                     __end_of_main:
  2743                           	callstack 0
  2744                           
  2745 ;; *************** function _System_Init *****************
  2746 ;; Defined at:
  2747 ;;		line 181 in file "main.c"
  2748 ;; Parameters:    Size  Location     Type
  2749 ;;		None
  2750 ;; Auto vars:     Size  Location     Type
  2751 ;;		None
  2752 ;; Return value:  Size  Location     Type
  2753 ;;                  1    wreg      void 
  2754 ;; Registers used:
  2755 ;;		wreg, status,2, status,0, cstack
  2756 ;; Tracked objects:
  2757 ;;		On entry : 0/0
  2758 ;;		On exit  : 0/0
  2759 ;;		Unchanged: 0/0
  2760 ;; Data sizes:     COMRAM   BANK0   BANK1   BANK2   BANK3   BANK4   BANK5   BANK6   BANK7
  2761 ;;      Params:         0       0       0       0       0       0       0       0       0
  2762 ;;      Locals:         0       0       0       0       0       0       0       0       0
  2763 ;;      Temps:          0       0       0       0       0       0       0       0       0
  2764 ;;      Totals:         0       0       0       0       0       0       0       0       0
  2765 ;;Total ram usage:        0 bytes
  2766 ;; Hardware stack levels used: 1
  2767 ;; Hardware stack levels required when called: 2
  2768 ;; This function calls:
  2769 ;;		_I2C_Master_Init
  2770 ;;		_LED_Power_On
  2771 ;;		_LED_Status_Off
  2772 ;;		_LED_Wait_On
  2773 ;;		_LEDs_Init
  2774 ;;		_SSD1306_ClearDisplay
  2775 ;;		_SSD1306_Init
  2776 ;;		_UART_Init
  2777 ;; This function is called by:
  2778 ;;		_main
  2779 ;; This function uses a non-reentrant model
  2780 ;;
  2781                           
  2782                           	psect	text1
  2783   007040                     __ptext1:
  2784                           	callstack 0
  2785   007040                     _System_Init:
  2786                           	callstack 28
  2787   007040                     
  2788                           ;main.c: 186:     OSCCON = 0x72;
  2789   007040  0E72               	movlw	114
  2790   007042  6ED3               	movwf	211,c	;volatile
  2791                           
  2792                           ;main.c: 191:     ADCON1 = 0x0F;
  2793   007044  0E0F               	movlw	15
  2794   007046  6EC1               	movwf	193,c	;volatile
  2795                           
  2796                           ;main.c: 196:     CMCON = 0x07;
  2797   007048  0E07               	movlw	7
  2798   00704A  6EB4               	movwf	180,c	;volatile
  2799   00704C                     
  2800                           ;main.c: 197:     CVRCON = 0x00;
  2801   00704C  6AB5               	clrf	181,c	;volatile
  2802   00704E                     
  2803                           ;main.c: 202:     LATA = 0x00;
  2804   00704E  6A89               	clrf	137,c	;volatile
  2805   007050                     
  2806                           ;main.c: 203:     LATB = 0x00;
  2807   007050  6A8A               	clrf	138,c	;volatile
  2808   007052                     
  2809                           ;main.c: 204:     LATC = 0x00;
  2810   007052  6A8B               	clrf	139,c	;volatile
  2811   007054                     
  2812                           ;main.c: 205:     LATD = 0x00;
  2813   007054  6A8C               	clrf	140,c	;volatile
  2814   007056                     
  2815                           ;main.c: 206:     LATE = 0x00;
  2816   007056  6A8D               	clrf	141,c	;volatile
  2817   007058                     
  2818                           ;main.c: 212:     TRISA = 0xFF;
  2819   007058  6892               	setf	146,c	;volatile
  2820   00705A                     
  2821                           ;main.c: 213:     TRISB = 0xFF;
  2822   00705A  6893               	setf	147,c	;volatile
  2823   00705C                     
  2824                           ;main.c: 214:     TRISC = 0xFF;
  2825   00705C  6894               	setf	148,c	;volatile
  2826   00705E                     
  2827                           ;main.c: 215:     TRISD = 0xFF;
  2828   00705E  6895               	setf	149,c	;volatile
  2829   007060                     
  2830                           ;main.c: 216:     TRISE = 0xFF;
  2831   007060  6896               	setf	150,c	;volatile
  2832   007062                     
  2833                           ;main.c: 221:     LEDs_Init();
  2834   007062  ECE7  F036         	call	_LEDs_Init	;wreg free
  2835   007066                     
  2836                           ;main.c: 223:     LED_Power_On();
  2837   007066  ECD9  F036         	call	_LED_Power_On	;wreg free
  2838   00706A                     
  2839                           ;main.c: 224:     LED_Status_Off();
  2840   00706A  ECDB  F036         	call	_LED_Status_Off	;wreg free
  2841   00706E                     
  2842                           ;main.c: 225:     LED_Wait_On();
  2843   00706E  ECDD  F036         	call	_LED_Wait_On	;wreg free
  2844   007072                     
  2845                           ;main.c: 232:     UART_Init();
  2846   007072  EC64  F037         	call	_UART_Init	;wreg free
  2847   007076                     
  2848                           ;main.c: 238:     I2C_Master_Init(100000UL);
  2849   007076  0EA0               	movlw	160
  2850   007078  6E0E               	movwf	I2C_Master_Init@clock_hz^0,c
  2851   00707A  0E86               	movlw	134
  2852   00707C  6E0F               	movwf	(I2C_Master_Init@clock_hz+1)^0,c
  2853   00707E  0E01               	movlw	1
  2854   007080  6E10               	movwf	(I2C_Master_Init@clock_hz+2)^0,c
  2855   007082  0E00               	movlw	0
  2856   007084  6E11               	movwf	(I2C_Master_Init@clock_hz+3)^0,c
  2857   007086  EC4A  F038         	call	_I2C_Master_Init	;wreg free
  2858   00708A                     
  2859                           ;main.c: 243:     SSD1306_Init();
  2860   00708A  EC58  F03B         	call	_SSD1306_Init	;wreg free
  2861   00708E                     
  2862                           ;main.c: 244:     SSD1306_ClearDisplay();
  2863   00708E  ECFA  F037         	call	_SSD1306_ClearDisplay	;wreg free
  2864   007092  0012               	return		;funcret
  2865   007094                     __end_of_System_Init:
  2866                           	callstack 0
  2867                           
  2868 ;; *************** function _UART_Init *****************
  2869 ;; Defined at:
  2870 ;;		line 14 in file "uart.c"
  2871 ;; Parameters:    Size  Location     Type
  2872 ;;		None
  2873 ;; Auto vars:     Size  Location     Type
  2874 ;;		None
  2875 ;; Return value:  Size  Location     Type
  2876 ;;                  1    wreg      void 
  2877 ;; Registers used:
  2878 ;;		wreg, status,2
  2879 ;; Tracked objects:
  2880 ;;		On entry : 0/0
  2881 ;;		On exit  : 0/0
  2882 ;;		Unchanged: 0/0
  2883 ;; Data sizes:     COMRAM   BANK0   BANK1   BANK2   BANK3   BANK4   BANK5   BANK6   BANK7
  2884 ;;      Params:         0       0       0       0       0       0       0       0       0
  2885 ;;      Locals:         0       0       0       0       0       0       0       0       0
  2886 ;;      Temps:          0       0       0       0       0       0       0       0       0
  2887 ;;      Totals:         0       0       0       0       0       0       0       0       0
  2888 ;;Total ram usage:        0 bytes
  2889 ;; Hardware stack levels used: 1
  2890 ;; This function calls:
  2891 ;;		Nothing
  2892 ;; This function is called by:
  2893 ;;		_System_Init
  2894 ;; This function uses a non-reentrant model
  2895 ;;
  2896                           
  2897                           	psect	text2
  2898   006EC8                     __ptext2:
  2899                           	callstack 0
  2900   006EC8                     _UART_Init:
  2901                           	callstack 29
  2902   006EC8                     
  2903                           ;uart.c: 20:     TRISCbits.TRISC6 = 0;
  2904   006EC8  9C94               	bcf	148,6,c	;volatile
  2905                           
  2906                           ;uart.c: 21:     TRISCbits.TRISC7 = 1;
  2907   006ECA  8E94               	bsf	148,7,c	;volatile
  2908                           
  2909                           ;uart.c: 26:     TXSTA = 0x00;
  2910   006ECC  6AAC               	clrf	172,c	;volatile
  2911                           
  2912                           ;uart.c: 27:     RCSTA = 0x00;
  2913   006ECE  6AAB               	clrf	171,c	;volatile
  2914                           
  2915                           ;uart.c: 28:     BAUDCON = 0x00;
  2916   006ED0  6AB8               	clrf	184,c	;volatile
  2917                           
  2918                           ;uart.c: 33:     TXSTAbits.SYNC = 0;
  2919   006ED2  98AC               	bcf	172,4,c	;volatile
  2920                           
  2921                           ;uart.c: 34:     TXSTAbits.BRGH = 1;
  2922   006ED4  84AC               	bsf	172,2,c	;volatile
  2923                           
  2924                           ;uart.c: 35:     BAUDCONbits.BRG16 = 1;
  2925   006ED6  86B8               	bsf	184,3,c	;volatile
  2926                           
  2927                           ;uart.c: 43:     SPBRGH = (unsigned char)((((8000000UL / (4UL * 9600UL)) - 1UL) >> 8) & 
      +                          0xFF);
  2928   006ED8  6AB0               	clrf	176,c	;volatile
  2929   006EDA                     
  2930                           ;uart.c: 44:     SPBRG = (unsigned char)(((8000000UL / (4UL * 9600UL)) - 1UL) & 0xFF);
  2931   006EDA  0ECF               	movlw	207
  2932   006EDC  6EAF               	movwf	175,c	;volatile
  2933   006EDE                     
  2934                           ;uart.c: 49:     RCSTAbits.SPEN = 1;
  2935   006EDE  8EAB               	bsf	171,7,c	;volatile
  2936   006EE0                     
  2937                           ;uart.c: 50:     TXSTAbits.TXEN = 1;
  2938   006EE0  8AAC               	bsf	172,5,c	;volatile
  2939   006EE2                     
  2940                           ;uart.c: 51:     RCSTAbits.CREN = 1;
  2941   006EE2  88AB               	bsf	171,4,c	;volatile
  2942   006EE4  0012               	return		;funcret
  2943   006EE6                     __end_of_UART_Init:
  2944                           	callstack 0
  2945                           
  2946 ;; *************** function _SSD1306_Init *****************
  2947 ;; Defined at:
  2948 ;;		line 273 in file "ssd1306.c"
  2949 ;; Parameters:    Size  Location     Type
  2950 ;;		None
  2951 ;; Auto vars:     Size  Location     Type
  2952 ;;		None
  2953 ;; Return value:  Size  Location     Type
  2954 ;;                  1    wreg      void 
  2955 ;; Registers used:
  2956 ;;		wreg, status,2, status,0, cstack
  2957 ;; Tracked objects:
  2958 ;;		On entry : 0/0
  2959 ;;		On exit  : 0/0
  2960 ;;		Unchanged: 0/0
  2961 ;; Data sizes:     COMRAM   BANK0   BANK1   BANK2   BANK3   BANK4   BANK5   BANK6   BANK7
  2962 ;;      Params:         0       0       0       0       0       0       0       0       0
  2963 ;;      Locals:         0       0       0       0       0       0       0       0       0
  2964 ;;      Temps:          2       0       0       0       0       0       0       0       0
  2965 ;;      Totals:         2       0       0       0       0       0       0       0       0
  2966 ;;Total ram usage:        2 bytes
  2967 ;; Hardware stack levels used: 1
  2968 ;; Hardware stack levels required when called: 1
  2969 ;; This function calls:
  2970 ;;		_SSD1306_ClearDisplay
  2971 ;;		_SSD1306_Command
  2972 ;; This function is called by:
  2973 ;;		_System_Init
  2974 ;; This function uses a non-reentrant model
  2975 ;;
  2976                           
  2977                           	psect	text3
  2978   0076B0                     __ptext3:
  2979                           	callstack 0
  2980   0076B0                     _SSD1306_Init:
  2981                           	callstack 28
  2982   0076B0                     
  2983                           ;ssd1306.c: 275:     _delay((unsigned long)((100)*(8000000UL/4000.0)));
  2984   0076B0  0E02               	movlw	2
  2985   0076B2  6E09               	movwf	(??_SSD1306_Init+1)^0,c
  2986   0076B4  0E04               	movlw	4
  2987   0076B6  6E08               	movwf	??_SSD1306_Init^0,c
  2988   0076B8  0EBA               	movlw	186
  2989   0076BA                     u1067:
  2990   0076BA  2EE8               	decfsz	wreg,f,c
  2991   0076BC  D7FE               	bra	u1067
  2992   0076BE  2E08               	decfsz	??_SSD1306_Init^0,f,c
  2993   0076C0  D7FC               	bra	u1067
  2994   0076C2  2E09               	decfsz	(??_SSD1306_Init+1)^0,f,c
  2995   0076C4  D7FA               	bra	u1067
  2996   0076C6  D000               	nop2	
  2997   0076C8                     
  2998                           ;ssd1306.c: 277:     SSD1306_Command(0xAE);
  2999   0076C8  0EAE               	movlw	174
  3000   0076CA  EC55  F037         	call	_SSD1306_Command
  3001   0076CE                     
  3002                           ;ssd1306.c: 279:     SSD1306_Command(0x20);
  3003   0076CE  0E20               	movlw	32
  3004   0076D0  EC55  F037         	call	_SSD1306_Command
  3005   0076D4                     
  3006                           ;ssd1306.c: 280:     SSD1306_Command(0x02);
  3007   0076D4  0E02               	movlw	2
  3008   0076D6  EC55  F037         	call	_SSD1306_Command
  3009   0076DA                     
  3010                           ;ssd1306.c: 282:     SSD1306_Command(0xB0);
  3011   0076DA  0EB0               	movlw	176
  3012   0076DC  EC55  F037         	call	_SSD1306_Command
  3013   0076E0                     
  3014                           ;ssd1306.c: 283:     SSD1306_Command(0xC8);
  3015   0076E0  0EC8               	movlw	200
  3016   0076E2  EC55  F037         	call	_SSD1306_Command
  3017   0076E6                     
  3018                           ;ssd1306.c: 284:     SSD1306_Command(0x00);
  3019   0076E6  0E00               	movlw	0
  3020   0076E8  EC55  F037         	call	_SSD1306_Command
  3021   0076EC                     
  3022                           ;ssd1306.c: 285:     SSD1306_Command(0x10);
  3023   0076EC  0E10               	movlw	16
  3024   0076EE  EC55  F037         	call	_SSD1306_Command
  3025   0076F2                     
  3026                           ;ssd1306.c: 286:     SSD1306_Command(0x40);
  3027   0076F2  0E40               	movlw	64
  3028   0076F4  EC55  F037         	call	_SSD1306_Command
  3029   0076F8                     
  3030                           ;ssd1306.c: 288:     SSD1306_Command(0x81);
  3031   0076F8  0E81               	movlw	129
  3032   0076FA  EC55  F037         	call	_SSD1306_Command
  3033   0076FE                     
  3034                           ;ssd1306.c: 289:     SSD1306_Command(0x7F);
  3035   0076FE  0E7F               	movlw	127
  3036   007700  EC55  F037         	call	_SSD1306_Command
  3037   007704                     
  3038                           ;ssd1306.c: 291:     SSD1306_Command(0xA1);
  3039   007704  0EA1               	movlw	161
  3040   007706  EC55  F037         	call	_SSD1306_Command
  3041   00770A                     
  3042                           ;ssd1306.c: 292:     SSD1306_Command(0xA6);
  3043   00770A  0EA6               	movlw	166
  3044   00770C  EC55  F037         	call	_SSD1306_Command
  3045   007710                     
  3046                           ;ssd1306.c: 294:     SSD1306_Command(0xA8);
  3047   007710  0EA8               	movlw	168
  3048   007712  EC55  F037         	call	_SSD1306_Command
  3049   007716                     
  3050                           ;ssd1306.c: 295:     SSD1306_Command(0x3F);
  3051   007716  0E3F               	movlw	63
  3052   007718  EC55  F037         	call	_SSD1306_Command
  3053   00771C                     
  3054                           ;ssd1306.c: 297:     SSD1306_Command(0xA4);
  3055   00771C  0EA4               	movlw	164
  3056   00771E  EC55  F037         	call	_SSD1306_Command
  3057   007722                     
  3058                           ;ssd1306.c: 299:     SSD1306_Command(0xD3);
  3059   007722  0ED3               	movlw	211
  3060   007724  EC55  F037         	call	_SSD1306_Command
  3061   007728                     
  3062                           ;ssd1306.c: 300:     SSD1306_Command(0x00);
  3063   007728  0E00               	movlw	0
  3064   00772A  EC55  F037         	call	_SSD1306_Command
  3065   00772E                     
  3066                           ;ssd1306.c: 302:     SSD1306_Command(0xD5);
  3067   00772E  0ED5               	movlw	213
  3068   007730  EC55  F037         	call	_SSD1306_Command
  3069   007734                     
  3070                           ;ssd1306.c: 303:     SSD1306_Command(0x80);
  3071   007734  0E80               	movlw	128
  3072   007736  EC55  F037         	call	_SSD1306_Command
  3073   00773A                     
  3074                           ;ssd1306.c: 305:     SSD1306_Command(0xD9);
  3075   00773A  0ED9               	movlw	217
  3076   00773C  EC55  F037         	call	_SSD1306_Command
  3077   007740                     
  3078                           ;ssd1306.c: 306:     SSD1306_Command(0xF1);
  3079   007740  0EF1               	movlw	241
  3080   007742  EC55  F037         	call	_SSD1306_Command
  3081   007746                     
  3082                           ;ssd1306.c: 308:     SSD1306_Command(0xDA);
  3083   007746  0EDA               	movlw	218
  3084   007748  EC55  F037         	call	_SSD1306_Command
  3085   00774C                     
  3086                           ;ssd1306.c: 309:     SSD1306_Command(0x12);
  3087   00774C  0E12               	movlw	18
  3088   00774E  EC55  F037         	call	_SSD1306_Command
  3089   007752                     
  3090                           ;ssd1306.c: 311:     SSD1306_Command(0xDB);
  3091   007752  0EDB               	movlw	219
  3092   007754  EC55  F037         	call	_SSD1306_Command
  3093   007758                     
  3094                           ;ssd1306.c: 312:     SSD1306_Command(0x40);
  3095   007758  0E40               	movlw	64
  3096   00775A  EC55  F037         	call	_SSD1306_Command
  3097   00775E                     
  3098                           ;ssd1306.c: 314:     SSD1306_Command(0x8D);
  3099   00775E  0E8D               	movlw	141
  3100   007760  EC55  F037         	call	_SSD1306_Command
  3101   007764                     
  3102                           ;ssd1306.c: 315:     SSD1306_Command(0x14);
  3103   007764  0E14               	movlw	20
  3104   007766  EC55  F037         	call	_SSD1306_Command
  3105   00776A                     
  3106                           ;ssd1306.c: 317:     SSD1306_Command(0xAF);
  3107   00776A  0EAF               	movlw	175
  3108   00776C  EC55  F037         	call	_SSD1306_Command
  3109   007770                     
  3110                           ;ssd1306.c: 319:     SSD1306_ClearDisplay();
  3111   007770  ECFA  F037         	call	_SSD1306_ClearDisplay	;wreg free
  3112   007774  0012               	return		;funcret
  3113   007776                     __end_of_SSD1306_Init:
  3114                           	callstack 0
  3115                           
  3116 ;; *************** function _LEDs_Init *****************
  3117 ;; Defined at:
  3118 ;;		line 247 in file "main.c"
  3119 ;; Parameters:    Size  Location     Type
  3120 ;;		None
  3121 ;; Auto vars:     Size  Location     Type
  3122 ;;		None
  3123 ;; Return value:  Size  Location     Type
  3124 ;;                  1    wreg      void 
  3125 ;; Registers used:
  3126 ;;		None
  3127 ;; Tracked objects:
  3128 ;;		On entry : 0/0
  3129 ;;		On exit  : 0/0
  3130 ;;		Unchanged: 0/0
  3131 ;; Data sizes:     COMRAM   BANK0   BANK1   BANK2   BANK3   BANK4   BANK5   BANK6   BANK7
  3132 ;;      Params:         0       0       0       0       0       0       0       0       0
  3133 ;;      Locals:         0       0       0       0       0       0       0       0       0
  3134 ;;      Temps:          0       0       0       0       0       0       0       0       0
  3135 ;;      Totals:         0       0       0       0       0       0       0       0       0
  3136 ;;Total ram usage:        0 bytes
  3137 ;; Hardware stack levels used: 1
  3138 ;; This function calls:
  3139 ;;		Nothing
  3140 ;; This function is called by:
  3141 ;;		_System_Init
  3142 ;; This function uses a non-reentrant model
  3143 ;;
  3144                           
  3145                           	psect	text4
  3146   006DCE                     __ptext4:
  3147                           	callstack 0
  3148   006DCE                     _LEDs_Init:
  3149                           	callstack 29
  3150   006DCE                     
  3151                           ;main.c: 252:     TRISDbits.TRISD0 = 0;
  3152   006DCE  9095               	bcf	149,0,c	;volatile
  3153                           
  3154                           ;main.c: 253:     TRISDbits.TRISD1 = 0;
  3155   006DD0  9295               	bcf	149,1,c	;volatile
  3156                           
  3157                           ;main.c: 254:     TRISDbits.TRISD2 = 0;
  3158   006DD2  9495               	bcf	149,2,c	;volatile
  3159                           
  3160                           ;main.c: 259:     LATDbits.LATD0 = 0;
  3161   006DD4  908C               	bcf	140,0,c	;volatile
  3162                           
  3163                           ;main.c: 260:     LATDbits.LATD1 = 0;
  3164   006DD6  928C               	bcf	140,1,c	;volatile
  3165                           
  3166                           ;main.c: 261:     LATDbits.LATD2 = 0;
  3167   006DD8  948C               	bcf	140,2,c	;volatile
  3168   006DDA  0012               	return		;funcret
  3169   006DDC                     __end_of_LEDs_Init:
  3170                           	callstack 0
  3171                           
  3172 ;; *************** function _LED_Wait_On *****************
  3173 ;; Defined at:
  3174 ;;		line 279 in file "main.c"
  3175 ;; Parameters:    Size  Location     Type
  3176 ;;		None
  3177 ;; Auto vars:     Size  Location     Type
  3178 ;;		None
  3179 ;; Return value:  Size  Location     Type
  3180 ;;                  1    wreg      void 
  3181 ;; Registers used:
  3182 ;;		None
  3183 ;; Tracked objects:
  3184 ;;		On entry : 0/0
  3185 ;;		On exit  : 0/0
  3186 ;;		Unchanged: 0/0
  3187 ;; Data sizes:     COMRAM   BANK0   BANK1   BANK2   BANK3   BANK4   BANK5   BANK6   BANK7
  3188 ;;      Params:         0       0       0       0       0       0       0       0       0
  3189 ;;      Locals:         0       0       0       0       0       0       0       0       0
  3190 ;;      Temps:          0       0       0       0       0       0       0       0       0
  3191 ;;      Totals:         0       0       0       0       0       0       0       0       0
  3192 ;;Total ram usage:        0 bytes
  3193 ;; Hardware stack levels used: 1
  3194 ;; This function calls:
  3195 ;;		Nothing
  3196 ;; This function is called by:
  3197 ;;		_main
  3198 ;;		_System_Init
  3199 ;; This function uses a non-reentrant model
  3200 ;;
  3201                           
  3202                           	psect	text5
  3203   006DBA                     __ptext5:
  3204                           	callstack 0
  3205   006DBA                     _LED_Wait_On:
  3206                           	callstack 29
  3207   006DBA                     
  3208                           ;main.c: 281:     LATDbits.LATD2 = 1;
  3209   006DBA  848C               	bsf	140,2,c	;volatile
  3210   006DBC  0012               	return		;funcret
  3211   006DBE                     __end_of_LED_Wait_On:
  3212                           	callstack 0
  3213                           
  3214 ;; *************** function _LED_Status_Off *****************
  3215 ;; Defined at:
  3216 ;;		line 274 in file "main.c"
  3217 ;; Parameters:    Size  Location     Type
  3218 ;;		None
  3219 ;; Auto vars:     Size  Location     Type
  3220 ;;		None
  3221 ;; Return value:  Size  Location     Type
  3222 ;;                  1    wreg      void 
  3223 ;; Registers used:
  3224 ;;		None
  3225 ;; Tracked objects:
  3226 ;;		On entry : 0/0
  3227 ;;		On exit  : 0/0
  3228 ;;		Unchanged: 0/0
  3229 ;; Data sizes:     COMRAM   BANK0   BANK1   BANK2   BANK3   BANK4   BANK5   BANK6   BANK7
  3230 ;;      Params:         0       0       0       0       0       0       0       0       0
  3231 ;;      Locals:         0       0       0       0       0       0       0       0       0
  3232 ;;      Temps:          0       0       0       0       0       0       0       0       0
  3233 ;;      Totals:         0       0       0       0       0       0       0       0       0
  3234 ;;Total ram usage:        0 bytes
  3235 ;; Hardware stack levels used: 1
  3236 ;; This function calls:
  3237 ;;		Nothing
  3238 ;; This function is called by:
  3239 ;;		_main
  3240 ;;		_System_Init
  3241 ;; This function uses a non-reentrant model
  3242 ;;
  3243                           
  3244                           	psect	text6
  3245   006DB6                     __ptext6:
  3246                           	callstack 0
  3247   006DB6                     _LED_Status_Off:
  3248                           	callstack 29
  3249   006DB6                     
  3250                           ;main.c: 276:     LATDbits.LATD1 = 0;
  3251   006DB6  928C               	bcf	140,1,c	;volatile
  3252   006DB8  0012               	return		;funcret
  3253   006DBA                     __end_of_LED_Status_Off:
  3254                           	callstack 0
  3255                           
  3256 ;; *************** function _LED_Power_On *****************
  3257 ;; Defined at:
  3258 ;;		line 264 in file "main.c"
  3259 ;; Parameters:    Size  Location     Type
  3260 ;;		None
  3261 ;; Auto vars:     Size  Location     Type
  3262 ;;		None
  3263 ;; Return value:  Size  Location     Type
  3264 ;;                  1    wreg      void 
  3265 ;; Registers used:
  3266 ;;		None
  3267 ;; Tracked objects:
  3268 ;;		On entry : 0/0
  3269 ;;		On exit  : 0/0
  3270 ;;		Unchanged: 0/0
  3271 ;; Data sizes:     COMRAM   BANK0   BANK1   BANK2   BANK3   BANK4   BANK5   BANK6   BANK7
  3272 ;;      Params:         0       0       0       0       0       0       0       0       0
  3273 ;;      Locals:         0       0       0       0       0       0       0       0       0
  3274 ;;      Temps:          0       0       0       0       0       0       0       0       0
  3275 ;;      Totals:         0       0       0       0       0       0       0       0       0
  3276 ;;Total ram usage:        0 bytes
  3277 ;; Hardware stack levels used: 1
  3278 ;; This function calls:
  3279 ;;		Nothing
  3280 ;; This function is called by:
  3281 ;;		_System_Init
  3282 ;; This function uses a non-reentrant model
  3283 ;;
  3284                           
  3285                           	psect	text7
  3286   006DB2                     __ptext7:
  3287                           	callstack 0
  3288   006DB2                     _LED_Power_On:
  3289                           	callstack 29
  3290   006DB2                     
  3291                           ;main.c: 266:     LATDbits.LATD0 = 1;
  3292   006DB2  808C               	bsf	140,0,c	;volatile
  3293   006DB4  0012               	return		;funcret
  3294   006DB6                     __end_of_LED_Power_On:
  3295                           	callstack 0
  3296                           
  3297 ;; *************** function _I2C_Master_Init *****************
  3298 ;; Defined at:
  3299 ;;		line 20 in file "i2c_master.c"
  3300 ;; Parameters:    Size  Location     Type
  3301 ;;  clock_hz        4   13[COMRAM] unsigned long 
  3302 ;; Auto vars:     Size  Location     Type
  3303 ;;		None
  3304 ;; Return value:  Size  Location     Type
  3305 ;;                  1    wreg      void 
  3306 ;; Registers used:
  3307 ;;		wreg, status,2, status,0, cstack
  3308 ;; Tracked objects:
  3309 ;;		On entry : 0/0
  3310 ;;		On exit  : 0/0
  3311 ;;		Unchanged: 0/0
  3312 ;; Data sizes:     COMRAM   BANK0   BANK1   BANK2   BANK3   BANK4   BANK5   BANK6   BANK7
  3313 ;;      Params:         4       0       0       0       0       0       0       0       0
  3314 ;;      Locals:         0       0       0       0       0       0       0       0       0
  3315 ;;      Temps:          4       0       0       0       0       0       0       0       0
  3316 ;;      Totals:         8       0       0       0       0       0       0       0       0
  3317 ;;Total ram usage:        8 bytes
  3318 ;; Hardware stack levels used: 1
  3319 ;; Hardware stack levels required when called: 1
  3320 ;; This function calls:
  3321 ;;		___lldiv
  3322 ;; This function is called by:
  3323 ;;		_System_Init
  3324 ;; This function uses a non-reentrant model
  3325 ;;
  3326                           
  3327                           	psect	text8
  3328   007094                     __ptext8:
  3329                           	callstack 0
  3330   007094                     _I2C_Master_Init:
  3331                           	callstack 28
  3332   007094                     
  3333                           ;i2c_master.c: 20: void I2C_Master_Init(uint32_t clock_hz);i2c_master.c: 21: {;i2c_maste
      +                          r.c: 29:     TRISBbits.TRISB0 = 1;
  3334   007094  8093               	bsf	147,0,c	;volatile
  3335                           
  3336                           ;i2c_master.c: 30:     TRISBbits.TRISB1 = 1;
  3337   007096  8293               	bsf	147,1,c	;volatile
  3338                           
  3339                           ;i2c_master.c: 32:     SSPCON1 = 0x00;
  3340   007098  6AC6               	clrf	198,c	;volatile
  3341                           
  3342                           ;i2c_master.c: 33:     SSPCON2 = 0x00;
  3343   00709A  6AC5               	clrf	197,c	;volatile
  3344                           
  3345                           ;i2c_master.c: 34:     SSPSTAT = 0x00;
  3346   00709C  6AC7               	clrf	199,c	;volatile
  3347   00709E                     
  3348                           ;i2c_master.c: 41:     SSPCON1 = 0x28;
  3349   00709E  0E28               	movlw	40
  3350   0070A0  6EC6               	movwf	198,c	;volatile
  3351   0070A2                     
  3352                           ;i2c_master.c: 46:     SSPSTATbits.SMP = 1;
  3353   0070A2  8EC7               	bsf	199,7,c	;volatile
  3354   0070A4                     
  3355                           ;i2c_master.c: 52:     SSPADD = (uint8_t)((8000000UL / (4UL * clock_hz)) - 1UL);
  3356   0070A4  0E00               	movlw	0
  3357   0070A6  6E01               	movwf	___lldiv@dividend^0,c
  3358   0070A8  0E12               	movlw	18
  3359   0070AA  6E02               	movwf	(___lldiv@dividend+1)^0,c
  3360   0070AC  0E7A               	movlw	122
  3361   0070AE  6E03               	movwf	(___lldiv@dividend+2)^0,c
  3362   0070B0  0E00               	movlw	0
  3363   0070B2  6E04               	movwf	(___lldiv@dividend+3)^0,c
  3364   0070B4  C00E  F012         	movff	I2C_Master_Init@clock_hz,??_I2C_Master_Init
  3365   0070B8  C00F  F013         	movff	I2C_Master_Init@clock_hz+1,??_I2C_Master_Init+1
  3366   0070BC  C010  F014         	movff	I2C_Master_Init@clock_hz+2,??_I2C_Master_Init+2
  3367   0070C0  C011  F015         	movff	I2C_Master_Init@clock_hz+3,??_I2C_Master_Init+3
  3368   0070C4  0E02               	movlw	2
  3369   0070C6                     u875:
  3370   0070C6  90D8               	bcf	status,0,c
  3371   0070C8  3612               	rlcf	??_I2C_Master_Init^0,f,c
  3372   0070CA  3613               	rlcf	(??_I2C_Master_Init+1)^0,f,c
  3373   0070CC  3614               	rlcf	(??_I2C_Master_Init+2)^0,f,c
  3374   0070CE  3615               	rlcf	(??_I2C_Master_Init+3)^0,f,c
  3375   0070D0  2EE8               	decfsz	wreg,f,c
  3376   0070D2  EF63  F038         	goto	u875
  3377   0070D6  C012  F005         	movff	??_I2C_Master_Init,___lldiv@divisor
  3378   0070DA  C013  F006         	movff	??_I2C_Master_Init+1,___lldiv@divisor+1
  3379   0070DE  C014  F007         	movff	??_I2C_Master_Init+2,___lldiv@divisor+2
  3380   0070E2  C015  F008         	movff	??_I2C_Master_Init+3,___lldiv@divisor+3
  3381   0070E6  ECAB  F03A         	call	___lldiv	;wreg free
  3382   0070EA  0401               	decf	?___lldiv^0,w,c
  3383   0070EC  6EC8               	movwf	200,c	;volatile
  3384   0070EE  0012               	return		;funcret
  3385   0070F0                     __end_of_I2C_Master_Init:
  3386                           	callstack 0
  3387                           
  3388 ;; *************** function _Show_Red_Ir_On_OLED *****************
  3389 ;; Defined at:
  3390 ;;		line 349 in file "main.c"
  3391 ;; Parameters:    Size  Location     Type
  3392 ;;  red_value       4   31[COMRAM] unsigned long 
  3393 ;;  ir_value        4   35[COMRAM] unsigned long 
  3394 ;; Auto vars:     Size  Location     Type
  3395 ;;  text           12   39[COMRAM] unsigned char [12]
  3396 ;; Return value:  Size  Location     Type
  3397 ;;                  1    wreg      void 
  3398 ;; Registers used:
  3399 ;;		wreg, fsr0l, fsr0h, fsr1l, fsr1h, fsr2l, fsr2h, status,2, status,0, tblptrl, tblptrh, tblptru, prodl, prodh, cstack
  3400 ;; Tracked objects:
  3401 ;;		On entry : 0/0
  3402 ;;		On exit  : 0/0
  3403 ;;		Unchanged: 0/0
  3404 ;; Data sizes:     COMRAM   BANK0   BANK1   BANK2   BANK3   BANK4   BANK5   BANK6   BANK7
  3405 ;;      Params:         8       0       0       0       0       0       0       0       0
  3406 ;;      Locals:        12       0       0       0       0       0       0       0       0
  3407 ;;      Temps:          0       0       0       0       0       0       0       0       0
  3408 ;;      Totals:        20       0       0       0       0       0       0       0       0
  3409 ;;Total ram usage:       20 bytes
  3410 ;; Hardware stack levels used: 1
  3411 ;; Hardware stack levels required when called: 1
  3412 ;; This function calls:
  3413 ;;		_SSD1306_ClearDisplay
  3414 ;;		_SSD1306_SetCursor
  3415 ;;		_SSD1306_WriteString
  3416 ;;		_UInt32_ToString
  3417 ;; This function is called by:
  3418 ;;		_main
  3419 ;; This function uses a non-reentrant model
  3420 ;;
  3421                           
  3422                           	psect	text9
  3423   0074B4                     __ptext9:
  3424                           	callstack 0
  3425   0074B4                     _Show_Red_Ir_On_OLED:
  3426                           	callstack 29
  3427   0074B4                     
  3428                           ;main.c: 349: static void Show_Red_Ir_On_OLED(uint32_t red_value, uint32_t ir_value);mai
      +                          n.c: 350: {;main.c: 351:     char text[12];;main.c: 353:     SSD1306_ClearDisplay();
  3429   0074B4  ECFA  F037         	call	_SSD1306_ClearDisplay	;wreg free
  3430                           
  3431                           ;main.c: 355:     SSD1306_SetCursor(10, 0);
  3432   0074B8  0E00               	movlw	0
  3433   0074BA  6E04               	movwf	SSD1306_SetCursor@page^0,c
  3434   0074BC  0E0A               	movlw	10
  3435   0074BE  ECD4  F037         	call	_SSD1306_SetCursor
  3436   0074C2                     
  3437                           ;main.c: 356:     SSD1306_WriteString("MAX30102 DATA");
  3438   0074C2  0EA8               	movlw	low STR_16
  3439   0074C4  6E0F               	movwf	SSD1306_WriteString@str^0,c
  3440   0074C6  0E7F               	movlw	high STR_16
  3441   0074C8  6E10               	movwf	(SSD1306_WriteString@str+1)^0,c
  3442   0074CA  ECA7  F038         	call	_SSD1306_WriteString	;wreg free
  3443   0074CE                     
  3444                           ;main.c: 358:     SSD1306_SetCursor(10, 2);
  3445   0074CE  0E02               	movlw	2
  3446   0074D0  6E04               	movwf	SSD1306_SetCursor@page^0,c
  3447   0074D2  0E0A               	movlw	10
  3448   0074D4  ECD4  F037         	call	_SSD1306_SetCursor
  3449                           
  3450                           ;main.c: 359:     SSD1306_WriteString("RED:");
  3451   0074D8  0EED               	movlw	low STR_17
  3452   0074DA  6E0F               	movwf	SSD1306_WriteString@str^0,c
  3453   0074DC  0E7F               	movlw	high STR_17
  3454   0074DE  6E10               	movwf	(SSD1306_WriteString@str+1)^0,c
  3455   0074E0  ECA7  F038         	call	_SSD1306_WriteString	;wreg free
  3456   0074E4                     
  3457                           ;main.c: 360:     UInt32_ToString(red_value, text);
  3458   0074E4  C020  F00E         	movff	Show_Red_Ir_On_OLED@red_value,UInt32_ToString@value
  3459   0074E8  C021  F00F         	movff	Show_Red_Ir_On_OLED@red_value+1,UInt32_ToString@value+1
  3460   0074EC  C022  F010         	movff	Show_Red_Ir_On_OLED@red_value+2,UInt32_ToString@value+2
  3461   0074F0  C023  F011         	movff	Show_Red_Ir_On_OLED@red_value+3,UInt32_ToString@value+3
  3462   0074F4  0E28               	movlw	low Show_Red_Ir_On_OLED@text
  3463   0074F6  6E12               	movwf	UInt32_ToString@buffer^0,c
  3464   0074F8  ECBB  F03B         	call	_UInt32_ToString	;wreg free
  3465   0074FC                     
  3466                           ;main.c: 361:     SSD1306_WriteString(text);
  3467   0074FC  0E28               	movlw	low Show_Red_Ir_On_OLED@text
  3468   0074FE  6E0F               	movwf	SSD1306_WriteString@str^0,c
  3469   007500  6A10               	clrf	(SSD1306_WriteString@str+1)^0,c
  3470   007502  ECA7  F038         	call	_SSD1306_WriteString	;wreg free
  3471   007506                     
  3472                           ;main.c: 363:     SSD1306_SetCursor(10, 4);
  3473   007506  0E04               	movlw	4
  3474   007508  6E04               	movwf	SSD1306_SetCursor@page^0,c
  3475   00750A  0E0A               	movlw	10
  3476   00750C  ECD4  F037         	call	_SSD1306_SetCursor
  3477   007510                     
  3478                           ;main.c: 364:     SSD1306_WriteString("IR:");
  3479   007510  0EF2               	movlw	low STR_18
  3480   007512  6E0F               	movwf	SSD1306_WriteString@str^0,c
  3481   007514  0E7F               	movlw	high STR_18
  3482   007516  6E10               	movwf	(SSD1306_WriteString@str+1)^0,c
  3483   007518  ECA7  F038         	call	_SSD1306_WriteString	;wreg free
  3484   00751C                     
  3485                           ;main.c: 365:     UInt32_ToString(ir_value, text);
  3486   00751C  C024  F00E         	movff	Show_Red_Ir_On_OLED@ir_value,UInt32_ToString@value
  3487   007520  C025  F00F         	movff	Show_Red_Ir_On_OLED@ir_value+1,UInt32_ToString@value+1
  3488   007524  C026  F010         	movff	Show_Red_Ir_On_OLED@ir_value+2,UInt32_ToString@value+2
  3489   007528  C027  F011         	movff	Show_Red_Ir_On_OLED@ir_value+3,UInt32_ToString@value+3
  3490   00752C  0E28               	movlw	low Show_Red_Ir_On_OLED@text
  3491   00752E  6E12               	movwf	UInt32_ToString@buffer^0,c
  3492   007530  ECBB  F03B         	call	_UInt32_ToString	;wreg free
  3493   007534                     
  3494                           ;main.c: 366:     SSD1306_WriteString(text);
  3495   007534  0E28               	movlw	low Show_Red_Ir_On_OLED@text
  3496   007536  6E0F               	movwf	SSD1306_WriteString@str^0,c
  3497   007538  6A10               	clrf	(SSD1306_WriteString@str+1)^0,c
  3498   00753A  ECA7  F038         	call	_SSD1306_WriteString	;wreg free
  3499                           
  3500                           ;main.c: 368:     SSD1306_SetCursor(10, 6);
  3501   00753E  0E06               	movlw	6
  3502   007540  6E04               	movwf	SSD1306_SetCursor@page^0,c
  3503   007542  0E0A               	movlw	10
  3504   007544  ECD4  F037         	call	_SSD1306_SetCursor
  3505   007548                     
  3506                           ;main.c: 369:     SSD1306_WriteString("Leyendo...");
  3507   007548  0ECE               	movlw	low STR_19
  3508   00754A  6E0F               	movwf	SSD1306_WriteString@str^0,c
  3509   00754C  0E7F               	movlw	high STR_19
  3510   00754E  6E10               	movwf	(SSD1306_WriteString@str+1)^0,c
  3511   007550  ECA7  F038         	call	_SSD1306_WriteString	;wreg free
  3512   007554  0012               	return		;funcret
  3513   007556                     __end_of_Show_Red_Ir_On_OLED:
  3514                           	callstack 0
  3515                           
  3516 ;; *************** function _SSD1306_WriteString *****************
  3517 ;; Defined at:
  3518 ;;		line 264 in file "ssd1306.c"
  3519 ;; Parameters:    Size  Location     Type
  3520 ;;  str             2   14[COMRAM] PTR const unsigned char 
  3521 ;;		 -> STR_19(11), STR_18(4), Show_Red_Ir_On_OLED@text(12), STR_17(5), 
  3522 ;;		 -> STR_16(14), STR_15(9), STR_14(12), STR_13(15), 
  3523 ;;		 -> STR_10(12), STR_9(11), STR_8(15), 
  3524 ;; Auto vars:     Size  Location     Type
  3525 ;;		None
  3526 ;; Return value:  Size  Location     Type
  3527 ;;                  1    wreg      void 
  3528 ;; Registers used:
  3529 ;;		wreg, fsr0l, fsr0h, status,2, status,0, tblptrl, tblptrh, tblptru, prodl, prodh, cstack
  3530 ;; Tracked objects:
  3531 ;;		On entry : 0/0
  3532 ;;		On exit  : 0/0
  3533 ;;		Unchanged: 0/0
  3534 ;; Data sizes:     COMRAM   BANK0   BANK1   BANK2   BANK3   BANK4   BANK5   BANK6   BANK7
  3535 ;;      Params:         2       0       0       0       0       0       0       0       0
  3536 ;;      Locals:         0       0       0       0       0       0       0       0       0
  3537 ;;      Temps:          0       0       0       0       0       0       0       0       0
  3538 ;;      Totals:         2       0       0       0       0       0       0       0       0
  3539 ;;Total ram usage:        2 bytes
  3540 ;; Hardware stack levels used: 1
  3541 ;; This function calls:
  3542 ;;		_SSD1306_WriteChar
  3543 ;; This function is called by:
  3544 ;;		_main
  3545 ;;		_Show_Red_Ir_On_OLED
  3546 ;; This function uses a non-reentrant model
  3547 ;;
  3548                           
  3549                           	psect	text10
  3550   00714E                     __ptext10:
  3551                           	callstack 0
  3552   00714E                     _SSD1306_WriteString:
  3553                           	callstack 29
  3554   00714E                     
  3555                           ;ssd1306.c: 264: void SSD1306_WriteString(const char *str);ssd1306.c: 265: {;ssd1306.c: 
      +                          266:     while (*str)
  3556   00714E  EFBD  F038         	goto	l1966
  3557   007152                     l1962:
  3558                           
  3559                           ;ssd1306.c: 267:     {;ssd1306.c: 268:         SSD1306_WriteChar(*str);
  3560   007152  C00F  FFF6         	movff	SSD1306_WriteString@str,tblptrl
  3561   007156  C010  FFF7         	movff	SSD1306_WriteString@str+1,tblptrh
  3562   00715A  6AF8               	clrf	tblptru,c
  3563   00715C  0E07               	movlw	(high __ramtop+-1)
  3564   00715E  64F7               	cpfsgt	tblptrh,c
  3565   007160  D003               	bra	u847
  3566   007162  0008               	tblrd		*
  3567   007164  50F5               	movf	tablat,w,c
  3568   007166  D005               	bra	u840
  3569   007168                     u847:
  3570   007168  CFF6 FFE9          	movff	tblptrl,fsr0l
  3571   00716C  CFF7 FFEA          	movff	tblptrh,fsr0h
  3572   007170  50EF               	movf	indf0,w,c
  3573   007172                     u840:
  3574   007172  EC30  F03C         	call	_SSD1306_WriteChar
  3575   007176                     
  3576                           ;ssd1306.c: 269:         str++;
  3577   007176  4A0F               	infsnz	SSD1306_WriteString@str^0,f,c
  3578   007178  2A10               	incf	(SSD1306_WriteString@str+1)^0,f,c
  3579   00717A                     l1966:
  3580                           
  3581                           ;ssd1306.c: 266:     while (*str)
  3582   00717A  C00F  FFF6         	movff	SSD1306_WriteString@str,tblptrl
  3583   00717E  C010  FFF7         	movff	SSD1306_WriteString@str+1,tblptrh
  3584   007182  6AF8               	clrf	tblptru,c
  3585   007184  0E07               	movlw	(high __ramtop+-1)
  3586   007186  64F7               	cpfsgt	tblptrh,c
  3587   007188  D003               	bra	u857
  3588   00718A  0008               	tblrd		*
  3589   00718C  50F5               	movf	tablat,w,c
  3590   00718E  D005               	bra	u850
  3591   007190                     u857:
  3592   007190  CFF6 FFE9          	movff	tblptrl,fsr0l
  3593   007194  CFF7 FFEA          	movff	tblptrh,fsr0h
  3594   007198  50EF               	movf	indf0,w,c
  3595   00719A                     u850:
  3596   00719A  0900               	iorlw	0
  3597   00719C  A4D8               	btfss	status,2,c
  3598   00719E  EFD3  F038         	goto	u861
  3599   0071A2  EFD5  F038         	goto	u860
  3600   0071A6                     u861:
  3601   0071A6  EFA9  F038         	goto	l1962
  3602   0071AA                     u860:
  3603   0071AA  0012               	return		;funcret
  3604   0071AC                     __end_of_SSD1306_WriteString:
  3605                           	callstack 0
  3606                           
  3607 ;; *************** function _SSD1306_WriteChar *****************
  3608 ;; Defined at:
  3609 ;;		line 202 in file "ssd1306.c"
  3610 ;; Parameters:    Size  Location     Type
  3611 ;;  c               1    wreg     unsigned char 
  3612 ;; Auto vars:     Size  Location     Type
  3613 ;;  c               1   11[COMRAM] unsigned char 
  3614 ;;  index           2    9[COMRAM] unsigned short 
  3615 ;;  character       1   13[COMRAM] unsigned char 
  3616 ;;  i               1   12[COMRAM] unsigned char 
  3617 ;; Return value:  Size  Location     Type
  3618 ;;                  1    wreg      void 
  3619 ;; Registers used:
  3620 ;;		wreg, status,2, status,0, tblptrl, tblptrh, tblptru, prodl, prodh, cstack
  3621 ;; Tracked objects:
  3622 ;;		On entry : 0/0
  3623 ;;		On exit  : 0/0
  3624 ;;		Unchanged: 0/0
  3625 ;; Data sizes:     COMRAM   BANK0   BANK1   BANK2   BANK3   BANK4   BANK5   BANK6   BANK7
  3626 ;;      Params:         0       0       0       0       0       0       0       0       0
  3627 ;;      Locals:         5       0       0       0       0       0       0       0       0
  3628 ;;      Temps:          4       0       0       0       0       0       0       0       0
  3629 ;;      Totals:         9       0       0       0       0       0       0       0       0
  3630 ;;Total ram usage:        9 bytes
  3631 ;; Hardware stack levels used: 1
  3632 ;; Hardware stack levels required when called: 1
  3633 ;; This function calls:
  3634 ;;		_SSD1306_Data
  3635 ;;		_SSD1306_SetCursor
  3636 ;;		_SSD1306_StartData
  3637 ;;		_SSD1306_StopData
  3638 ;; This function is called by:
  3639 ;;		_SSD1306_WriteString
  3640 ;; This function uses a non-reentrant model
  3641 ;;
  3642                           
  3643                           	psect	text11
  3644   007860                     __ptext11:
  3645                           	callstack 0
  3646   007860                     _SSD1306_WriteChar:
  3647                           	callstack 27
  3648                           
  3649                           ;incstack = 0
  3650                           ;SSD1306_WriteChar@c stored from wreg
  3651   007860  6E0C               	movwf	SSD1306_WriteChar@c^0,c
  3652   007862                     
  3653                           ;ssd1306.c: 202: void SSD1306_WriteChar(char c);ssd1306.c: 203: {;ssd1306.c: 204:     ui
      +                          nt8_t i;;ssd1306.c: 205:     uint16_t index;;ssd1306.c: 206:     uint8_t character;;ssd1
      +                          306.c: 208:     if (c == '\n')
  3654   007862  0E0A               	movlw	10
  3655   007864  180C               	xorwf	SSD1306_WriteChar@c^0,w,c
  3656   007866  A4D8               	btfss	status,2,c
  3657   007868  EF38  F03C         	goto	u651
  3658   00786C  EF3A  F03C         	goto	u650
  3659   007870                     u651:
  3660   007870  EF4E  F03C         	goto	l249
  3661   007874                     u650:
  3662   007874                     
  3663                           ;ssd1306.c: 209:     {;ssd1306.c: 210:         oled_column = 0;
  3664   007874  6A47               	clrf	_oled_column^0,c
  3665   007876                     
  3666                           ;ssd1306.c: 212:         if (oled_page < 7)
  3667   007876  0E07               	movlw	7
  3668   007878  6046               	cpfslt	_oled_page^0,c
  3669   00787A  EF41  F03C         	goto	u661
  3670   00787E  EF43  F03C         	goto	u660
  3671   007882                     u661:
  3672   007882  EF46  F03C         	goto	l250
  3673   007886                     u660:
  3674   007886                     
  3675                           ;ssd1306.c: 213:         {;ssd1306.c: 214:             oled_page++;
  3676   007886  2A46               	incf	_oled_page^0,f,c
  3677                           
  3678                           ;ssd1306.c: 215:         }
  3679   007888  EF47  F03C         	goto	l1842
  3680   00788C                     l250:
  3681                           
  3682                           ;ssd1306.c: 217:         {;ssd1306.c: 218:             oled_page = 0;
  3683   00788C  6A46               	clrf	_oled_page^0,c
  3684   00788E                     l1842:
  3685                           
  3686                           ;ssd1306.c: 221:         SSD1306_SetCursor(oled_column, oled_page);
  3687   00788E  C046  F004         	movff	_oled_page,SSD1306_SetCursor@page
  3688   007892  5047               	movf	_oled_column^0,w,c
  3689   007894  ECD4  F037         	call	_SSD1306_SetCursor
  3690   007898  EFB6  F03C         	goto	l252
  3691   00789C                     l249:
  3692                           
  3693                           ;ssd1306.c: 225:     character = (uint8_t)c;
  3694   00789C  C00C  F00E         	movff	SSD1306_WriteChar@c,SSD1306_WriteChar@character
  3695   0078A0                     
  3696                           ;ssd1306.c: 227:     if (character < 32 || character > 127)
  3697   0078A0  0E1F               	movlw	31
  3698   0078A2  640E               	cpfsgt	SSD1306_WriteChar@character^0,c
  3699   0078A4  EF56  F03C         	goto	u671
  3700   0078A8  EF58  F03C         	goto	u670
  3701   0078AC                     u671:
  3702   0078AC  EF60  F03C         	goto	l1850
  3703   0078B0                     u670:
  3704   0078B0  0E7F               	movlw	127
  3705   0078B2  640E               	cpfsgt	SSD1306_WriteChar@character^0,c
  3706   0078B4  EF5E  F03C         	goto	u681
  3707   0078B8  EF60  F03C         	goto	u680
  3708   0078BC                     u681:
  3709   0078BC  EF62  F03C         	goto	l1852
  3710   0078C0                     u680:
  3711   0078C0                     l1850:
  3712                           
  3713                           ;ssd1306.c: 228:     {;ssd1306.c: 229:         character = '?';
  3714   0078C0  0E3F               	movlw	63
  3715   0078C2  6E0E               	movwf	SSD1306_WriteChar@character^0,c
  3716   0078C4                     l1852:
  3717                           
  3718                           ;ssd1306.c: 232:     if (oled_column > 122)
  3719   0078C4  0E7A               	movlw	122
  3720   0078C6  6447               	cpfsgt	_oled_column^0,c
  3721   0078C8  EF68  F03C         	goto	u691
  3722   0078CC  EF6A  F03C         	goto	u690
  3723   0078D0                     u691:
  3724   0078D0  EF7C  F03C         	goto	l1862
  3725   0078D4                     u690:
  3726   0078D4                     
  3727                           ;ssd1306.c: 233:     {;ssd1306.c: 234:         oled_column = 0;
  3728   0078D4  6A47               	clrf	_oled_column^0,c
  3729   0078D6                     
  3730                           ;ssd1306.c: 236:         if (oled_page < 7)
  3731   0078D6  0E07               	movlw	7
  3732   0078D8  6046               	cpfslt	_oled_page^0,c
  3733   0078DA  EF71  F03C         	goto	u701
  3734   0078DE  EF73  F03C         	goto	u700
  3735   0078E2                     u701:
  3736   0078E2  EF76  F03C         	goto	l257
  3737   0078E6                     u700:
  3738   0078E6                     
  3739                           ;ssd1306.c: 237:         {;ssd1306.c: 238:             oled_page++;
  3740   0078E6  2A46               	incf	_oled_page^0,f,c
  3741                           
  3742                           ;ssd1306.c: 239:         }
  3743   0078E8  EF77  F03C         	goto	l1860
  3744   0078EC                     l257:
  3745                           
  3746                           ;ssd1306.c: 241:         {;ssd1306.c: 242:             oled_page = 0;
  3747   0078EC  6A46               	clrf	_oled_page^0,c
  3748   0078EE                     l1860:
  3749                           
  3750                           ;ssd1306.c: 245:         SSD1306_SetCursor(oled_column, oled_page);
  3751   0078EE  C046  F004         	movff	_oled_page,SSD1306_SetCursor@page
  3752   0078F2  5047               	movf	_oled_column^0,w,c
  3753   0078F4  ECD4  F037         	call	_SSD1306_SetCursor
  3754   0078F8                     l1862:
  3755                           
  3756                           ;ssd1306.c: 248:     index = ((uint16_t)(character - 32)) * 5;
  3757   0078F8  0EE0               	movlw	224
  3758   0078FA  240E               	addwf	SSD1306_WriteChar@character^0,w,c
  3759   0078FC  6E06               	movwf	??_SSD1306_WriteChar^0,c
  3760   0078FE  6A07               	clrf	(??_SSD1306_WriteChar+1)^0,c
  3761   007900  0EFF               	movlw	255
  3762   007902  2207               	addwfc	(??_SSD1306_WriteChar+1)^0,f,c
  3763   007904  0E05               	movlw	5
  3764   007906  0206               	mulwf	??_SSD1306_WriteChar^0,c
  3765   007908  CFF3 F008          	movff	prodl,??_SSD1306_WriteChar+2
  3766   00790C  CFF4 F009          	movff	prodh,??_SSD1306_WriteChar+3
  3767   007910  0207               	mulwf	(??_SSD1306_WriteChar+1)^0,c
  3768   007912  50F3               	movf	prodl,w,c
  3769   007914  2609               	addwf	(??_SSD1306_WriteChar+3)^0,f,c
  3770   007916  C008  F00A         	movff	??_SSD1306_WriteChar+2,SSD1306_WriteChar@index
  3771   00791A  C009  F00B         	movff	??_SSD1306_WriteChar+3,SSD1306_WriteChar@index+1
  3772   00791E                     
  3773                           ;ssd1306.c: 250:     SSD1306_StartData();
  3774   00791E  ECF5  F036         	call	_SSD1306_StartData	;wreg free
  3775   007922                     
  3776                           ;ssd1306.c: 252:     for (i = 0; i < 5; i++)
  3777   007922  6A0D               	clrf	SSD1306_WriteChar@i^0,c
  3778   007924                     l1872:
  3779                           
  3780                           ;ssd1306.c: 253:     {;ssd1306.c: 254:         SSD1306_Data(Font5x7[index + i]);
  3781   007924  0E99               	movlw	low _Font5x7
  3782   007926  6E06               	movwf	??_SSD1306_WriteChar^0,c
  3783   007928  0E7C               	movlw	high _Font5x7
  3784   00792A  6E07               	movwf	(??_SSD1306_WriteChar+1)^0,c
  3785   00792C  500D               	movf	SSD1306_WriteChar@i^0,w,c
  3786   00792E  2606               	addwf	??_SSD1306_WriteChar^0,f,c
  3787   007930  0E00               	movlw	0
  3788   007932  2207               	addwfc	(??_SSD1306_WriteChar+1)^0,f,c
  3789   007934  500A               	movf	SSD1306_WriteChar@index^0,w,c
  3790   007936  2606               	addwf	??_SSD1306_WriteChar^0,f,c
  3791   007938  500B               	movf	(SSD1306_WriteChar@index+1)^0,w,c
  3792   00793A  2207               	addwfc	(??_SSD1306_WriteChar+1)^0,f,c
  3793   00793C  C006  FFF6         	movff	??_SSD1306_WriteChar,tblptrl
  3794   007940  C007  FFF7         	movff	??_SSD1306_WriteChar+1,tblptrh
  3795   007944                     	if	0	;tblptru may be non-zero
  3796   007944                     	endif
  3797   007944                     	if	0	;tblptru may be non-zero
  3798   007944                     	endif
  3799   007944  0008               	tblrd		*
  3800   007946  50F5               	movf	tablat,w,c
  3801   007948  ECE2  F036         	call	_SSD1306_Data
  3802   00794C                     
  3803                           ;ssd1306.c: 255:     }
  3804   00794C  2A0D               	incf	SSD1306_WriteChar@i^0,f,c
  3805   00794E  0E04               	movlw	4
  3806   007950  640D               	cpfsgt	SSD1306_WriteChar@i^0,c
  3807   007952  EFAD  F03C         	goto	u711
  3808   007956  EFAF  F03C         	goto	u710
  3809   00795A                     u711:
  3810   00795A  EF92  F03C         	goto	l1872
  3811   00795E                     u710:
  3812   00795E                     
  3813                           ;ssd1306.c: 257:     SSD1306_Data(0x00);
  3814   00795E  0E00               	movlw	0
  3815   007960  ECE2  F036         	call	_SSD1306_Data
  3816                           
  3817                           ;ssd1306.c: 259:     SSD1306_StopData();
  3818   007964  ECDF  F036         	call	_SSD1306_StopData	;wreg free
  3819   007968                     
  3820                           ;ssd1306.c: 261:     oled_column += 6;
  3821   007968  0E06               	movlw	6
  3822   00796A  2647               	addwf	_oled_column^0,f,c
  3823   00796C                     l252:
  3824   00796C  0012               	return		;funcret
  3825   00796E                     __end_of_SSD1306_WriteChar:
  3826                           	callstack 0
  3827                           
  3828 ;; *************** function _SSD1306_ClearDisplay *****************
  3829 ;; Defined at:
  3830 ;;		line 157 in file "ssd1306.c"
  3831 ;; Parameters:    Size  Location     Type
  3832 ;;		None
  3833 ;; Auto vars:     Size  Location     Type
  3834 ;;  page            1    6[COMRAM] unsigned char 
  3835 ;;  column          1    5[COMRAM] unsigned char 
  3836 ;; Return value:  Size  Location     Type
  3837 ;;                  1    wreg      void 
  3838 ;; Registers used:
  3839 ;;		wreg, status,2, status,0, cstack
  3840 ;; Tracked objects:
  3841 ;;		On entry : 0/0
  3842 ;;		On exit  : 0/0
  3843 ;;		Unchanged: 0/0
  3844 ;; Data sizes:     COMRAM   BANK0   BANK1   BANK2   BANK3   BANK4   BANK5   BANK6   BANK7
  3845 ;;      Params:         0       0       0       0       0       0       0       0       0
  3846 ;;      Locals:         2       0       0       0       0       0       0       0       0
  3847 ;;      Temps:          0       0       0       0       0       0       0       0       0
  3848 ;;      Totals:         2       0       0       0       0       0       0       0       0
  3849 ;;Total ram usage:        2 bytes
  3850 ;; Hardware stack levels used: 1
  3851 ;; This function calls:
  3852 ;;		_SSD1306_Data
  3853 ;;		_SSD1306_SetCursor
  3854 ;;		_SSD1306_StartData
  3855 ;;		_SSD1306_StopData
  3856 ;; This function is called by:
  3857 ;;		_main
  3858 ;;		_System_Init
  3859 ;;		_Show_Red_Ir_On_OLED
  3860 ;;		_SSD1306_Init
  3861 ;; This function uses a non-reentrant model
  3862 ;;
  3863                           
  3864                           	psect	text12
  3865   006FF4                     __ptext12:
  3866                           	callstack 0
  3867   006FF4                     _SSD1306_ClearDisplay:
  3868                           	callstack 28
  3869   006FF4                     
  3870                           ;ssd1306.c: 159:     uint8_t page;;ssd1306.c: 160:     uint8_t column;;ssd1306.c: 162:  
      +                             for (page = 0; page < 8; page++)
  3871   006FF4  6A07               	clrf	SSD1306_ClearDisplay@page^0,c
  3872   006FF6                     l1804:
  3873                           
  3874                           ;ssd1306.c: 163:     {;ssd1306.c: 164:         SSD1306_SetCursor(0, page);
  3875   006FF6  C007  F004         	movff	SSD1306_ClearDisplay@page,SSD1306_SetCursor@page
  3876   006FFA  0E00               	movlw	0
  3877   006FFC  ECD4  F037         	call	_SSD1306_SetCursor
  3878                           
  3879                           ;ssd1306.c: 166:         SSD1306_StartData();
  3880   007000  ECF5  F036         	call	_SSD1306_StartData	;wreg free
  3881   007004                     
  3882                           ;ssd1306.c: 168:         for (column = 0; column < 128; column++)
  3883   007004  6A06               	clrf	SSD1306_ClearDisplay@column^0,c
  3884   007006                     l1812:
  3885                           
  3886                           ;ssd1306.c: 169:         {;ssd1306.c: 170:             SSD1306_Data(0x00);
  3887   007006  0E00               	movlw	0
  3888   007008  ECE2  F036         	call	_SSD1306_Data
  3889   00700C                     
  3890                           ;ssd1306.c: 171:         }
  3891   00700C  2A06               	incf	SSD1306_ClearDisplay@column^0,f,c
  3892   00700E  0E7F               	movlw	127
  3893   007010  6406               	cpfsgt	SSD1306_ClearDisplay@column^0,c
  3894   007012  EF0D  F038         	goto	u601
  3895   007016  EF0F  F038         	goto	u600
  3896   00701A                     u601:
  3897   00701A  EF03  F038         	goto	l1812
  3898   00701E                     u600:
  3899   00701E                     
  3900                           ;ssd1306.c: 173:         SSD1306_StopData();
  3901   00701E  ECDF  F036         	call	_SSD1306_StopData	;wreg free
  3902   007022                     
  3903                           ;ssd1306.c: 174:     }
  3904   007022  2A07               	incf	SSD1306_ClearDisplay@page^0,f,c
  3905   007024  0E07               	movlw	7
  3906   007026  6407               	cpfsgt	SSD1306_ClearDisplay@page^0,c
  3907   007028  EF18  F038         	goto	u611
  3908   00702C  EF1A  F038         	goto	u610
  3909   007030                     u611:
  3910   007030  EFFB  F037         	goto	l1804
  3911   007034                     u610:
  3912   007034                     
  3913                           ;ssd1306.c: 176:     SSD1306_SetCursor(0, 0);
  3914   007034  0E00               	movlw	0
  3915   007036  6E04               	movwf	SSD1306_SetCursor@page^0,c
  3916   007038  0E00               	movlw	0
  3917   00703A  ECD4  F037         	call	_SSD1306_SetCursor
  3918   00703E  0012               	return		;funcret
  3919   007040                     __end_of_SSD1306_ClearDisplay:
  3920                           	callstack 0
  3921                           
  3922 ;; *************** function _SSD1306_StopData *****************
  3923 ;; Defined at:
  3924 ;;		line 127 in file "ssd1306.c"
  3925 ;; Parameters:    Size  Location     Type
  3926 ;;		None
  3927 ;; Auto vars:     Size  Location     Type
  3928 ;;		None
  3929 ;; Return value:  Size  Location     Type
  3930 ;;                  1    wreg      void 
  3931 ;; Registers used:
  3932 ;;		wreg, status,2, status,0, cstack
  3933 ;; Tracked objects:
  3934 ;;		On entry : 0/0
  3935 ;;		On exit  : 0/0
  3936 ;;		Unchanged: 0/0
  3937 ;; Data sizes:     COMRAM   BANK0   BANK1   BANK2   BANK3   BANK4   BANK5   BANK6   BANK7
  3938 ;;      Params:         0       0       0       0       0       0       0       0       0
  3939 ;;      Locals:         0       0       0       0       0       0       0       0       0
  3940 ;;      Temps:          0       0       0       0       0       0       0       0       0
  3941 ;;      Totals:         0       0       0       0       0       0       0       0       0
  3942 ;;Total ram usage:        0 bytes
  3943 ;; Hardware stack levels used: 1
  3944 ;; This function calls:
  3945 ;;		_I2C_Master_Stop
  3946 ;; This function is called by:
  3947 ;;		_SSD1306_ClearDisplay
  3948 ;;		_SSD1306_WriteChar
  3949 ;;		_SSD1306_ClearLine
  3950 ;; This function uses a non-reentrant model
  3951 ;;
  3952                           
  3953                           	psect	text13
  3954   006DBE                     __ptext13:
  3955                           	callstack 0
  3956   006DBE                     _SSD1306_StopData:
  3957                           	callstack 27
  3958   006DBE                     
  3959                           ;ssd1306.c: 129:     I2C_Master_Stop();
  3960   006DBE  EC14  F037         	call	_I2C_Master_Stop	;wreg free
  3961   006DC2  0012               	return		;funcret
  3962   006DC4                     __end_of_SSD1306_StopData:
  3963                           	callstack 0
  3964                           
  3965 ;; *************** function _SSD1306_StartData *****************
  3966 ;; Defined at:
  3967 ;;		line 120 in file "ssd1306.c"
  3968 ;; Parameters:    Size  Location     Type
  3969 ;;		None
  3970 ;; Auto vars:     Size  Location     Type
  3971 ;;		None
  3972 ;; Return value:  Size  Location     Type
  3973 ;;                  1    wreg      void 
  3974 ;; Registers used:
  3975 ;;		wreg, status,2, status,0, cstack
  3976 ;; Tracked objects:
  3977 ;;		On entry : 0/0
  3978 ;;		On exit  : 0/0
  3979 ;;		Unchanged: 0/0
  3980 ;; Data sizes:     COMRAM   BANK0   BANK1   BANK2   BANK3   BANK4   BANK5   BANK6   BANK7
  3981 ;;      Params:         0       0       0       0       0       0       0       0       0
  3982 ;;      Locals:         0       0       0       0       0       0       0       0       0
  3983 ;;      Temps:          0       0       0       0       0       0       0       0       0
  3984 ;;      Totals:         0       0       0       0       0       0       0       0       0
  3985 ;;Total ram usage:        0 bytes
  3986 ;; Hardware stack levels used: 1
  3987 ;; This function calls:
  3988 ;;		_I2C_Master_Start
  3989 ;;		_I2C_Master_Write
  3990 ;; This function is called by:
  3991 ;;		_SSD1306_ClearDisplay
  3992 ;;		_SSD1306_WriteChar
  3993 ;;		_SSD1306_ClearLine
  3994 ;; This function uses a non-reentrant model
  3995 ;;
  3996                           
  3997                           	psect	text14
  3998   006DEA                     __ptext14:
  3999                           	callstack 0
  4000   006DEA                     _SSD1306_StartData:
  4001                           	callstack 27
  4002   006DEA                     
  4003                           ;ssd1306.c: 122:     I2C_Master_Start();
  4004   006DEA  EC09  F037         	call	_I2C_Master_Start	;wreg free
  4005                           
  4006                           ;ssd1306.c: 123:     I2C_Master_Write(0x78);
  4007   006DEE  0E78               	movlw	120
  4008   006DF0  EC37  F037         	call	_I2C_Master_Write
  4009                           
  4010                           ;ssd1306.c: 124:     I2C_Master_Write(0x40);
  4011   006DF4  0E40               	movlw	64
  4012   006DF6  EC37  F037         	call	_I2C_Master_Write
  4013   006DFA  0012               	return		;funcret
  4014   006DFC                     __end_of_SSD1306_StartData:
  4015                           	callstack 0
  4016                           
  4017 ;; *************** function _SSD1306_SetCursor *****************
  4018 ;; Defined at:
  4019 ;;		line 137 in file "ssd1306.c"
  4020 ;; Parameters:    Size  Location     Type
  4021 ;;  column          1    wreg     unsigned char 
  4022 ;;  page            1    3[COMRAM] unsigned char 
  4023 ;; Auto vars:     Size  Location     Type
  4024 ;;  column          1    4[COMRAM] unsigned char 
  4025 ;; Return value:  Size  Location     Type
  4026 ;;                  1    wreg      void 
  4027 ;; Registers used:
  4028 ;;		wreg, status,2, status,0, cstack
  4029 ;; Tracked objects:
  4030 ;;		On entry : 0/0
  4031 ;;		On exit  : 0/0
  4032 ;;		Unchanged: 0/0
  4033 ;; Data sizes:     COMRAM   BANK0   BANK1   BANK2   BANK3   BANK4   BANK5   BANK6   BANK7
  4034 ;;      Params:         1       0       0       0       0       0       0       0       0
  4035 ;;      Locals:         1       0       0       0       0       0       0       0       0
  4036 ;;      Temps:          0       0       0       0       0       0       0       0       0
  4037 ;;      Totals:         2       0       0       0       0       0       0       0       0
  4038 ;;Total ram usage:        2 bytes
  4039 ;; Hardware stack levels used: 1
  4040 ;; This function calls:
  4041 ;;		_SSD1306_Command
  4042 ;; This function is called by:
  4043 ;;		_main
  4044 ;;		_Show_Red_Ir_On_OLED
  4045 ;;		_SSD1306_ClearDisplay
  4046 ;;		_SSD1306_WriteChar
  4047 ;;		_SSD1306_ClearLine
  4048 ;; This function uses a non-reentrant model
  4049 ;;
  4050                           
  4051                           	psect	text15
  4052   006FA8                     __ptext15:
  4053                           	callstack 0
  4054   006FA8                     _SSD1306_SetCursor:
  4055                           	callstack 27
  4056                           
  4057                           ;incstack = 0
  4058                           ;SSD1306_SetCursor@column stored from wreg
  4059   006FA8  6E05               	movwf	SSD1306_SetCursor@column^0,c
  4060   006FAA                     
  4061                           ;ssd1306.c: 137: void SSD1306_SetCursor(uint8_t column, uint8_t page);ssd1306.c: 138: {;
      +                          ssd1306.c: 139:     if (column > 127)
  4062   006FAA  0E7F               	movlw	127
  4063   006FAC  6405               	cpfsgt	SSD1306_SetCursor@column^0,c
  4064   006FAE  EFDB  F037         	goto	u581
  4065   006FB2  EFDD  F037         	goto	u580
  4066   006FB6                     u581:
  4067   006FB6  EFDE  F037         	goto	l1792
  4068   006FBA                     u580:
  4069   006FBA                     
  4070                           ;ssd1306.c: 140:     {;ssd1306.c: 141:         column = 0;
  4071   006FBA  6A05               	clrf	SSD1306_SetCursor@column^0,c
  4072   006FBC                     l1792:
  4073                           
  4074                           ;ssd1306.c: 144:     if (page > 7)
  4075   006FBC  0E07               	movlw	7
  4076   006FBE  6404               	cpfsgt	SSD1306_SetCursor@page^0,c
  4077   006FC0  EFE4  F037         	goto	u591
  4078   006FC4  EFE6  F037         	goto	u590
  4079   006FC8                     u591:
  4080   006FC8  EFE7  F037         	goto	l232
  4081   006FCC                     u590:
  4082   006FCC                     
  4083                           ;ssd1306.c: 145:     {;ssd1306.c: 146:         page = 0;
  4084   006FCC  6A04               	clrf	SSD1306_SetCursor@page^0,c
  4085   006FCE                     l232:
  4086                           
  4087                           ;ssd1306.c: 149:     oled_column = column;
  4088   006FCE  C005  F047         	movff	SSD1306_SetCursor@column,_oled_column
  4089                           
  4090                           ;ssd1306.c: 150:     oled_page = page;
  4091   006FD2  C004  F046         	movff	SSD1306_SetCursor@page,_oled_page
  4092   006FD6                     
  4093                           ;ssd1306.c: 152:     SSD1306_Command(0xB0 + page);
  4094   006FD6  5004               	movf	SSD1306_SetCursor@page^0,w,c
  4095   006FD8  0FB0               	addlw	176
  4096   006FDA  EC55  F037         	call	_SSD1306_Command
  4097                           
  4098                           ;ssd1306.c: 153:     SSD1306_Command(0x00 + (column & 0x0F));
  4099   006FDE  5005               	movf	SSD1306_SetCursor@column^0,w,c
  4100   006FE0  0B0F               	andlw	15
  4101   006FE2  EC55  F037         	call	_SSD1306_Command
  4102                           
  4103                           ;ssd1306.c: 154:     SSD1306_Command(0x10 + ((column >> 4) & 0x0F));
  4104   006FE6  3805               	swapf	SSD1306_SetCursor@column^0,w,c
  4105   006FE8  0B0F               	andlw	15
  4106   006FEA  0B0F               	andlw	15
  4107   006FEC  0F10               	addlw	16
  4108   006FEE  EC55  F037         	call	_SSD1306_Command
  4109   006FF2  0012               	return		;funcret
  4110   006FF4                     __end_of_SSD1306_SetCursor:
  4111                           	callstack 0
  4112                           
  4113 ;; *************** function _SSD1306_Command *****************
  4114 ;; Defined at:
  4115 ;;		line 111 in file "ssd1306.c"
  4116 ;; Parameters:    Size  Location     Type
  4117 ;;  command         1    wreg     unsigned char 
  4118 ;; Auto vars:     Size  Location     Type
  4119 ;;  command         1    2[COMRAM] unsigned char 
  4120 ;; Return value:  Size  Location     Type
  4121 ;;                  1    wreg      void 
  4122 ;; Registers used:
  4123 ;;		wreg, status,2, status,0, cstack
  4124 ;; Tracked objects:
  4125 ;;		On entry : 0/0
  4126 ;;		On exit  : 0/0
  4127 ;;		Unchanged: 0/0
  4128 ;; Data sizes:     COMRAM   BANK0   BANK1   BANK2   BANK3   BANK4   BANK5   BANK6   BANK7
  4129 ;;      Params:         0       0       0       0       0       0       0       0       0
  4130 ;;      Locals:         1       0       0       0       0       0       0       0       0
  4131 ;;      Temps:          0       0       0       0       0       0       0       0       0
  4132 ;;      Totals:         1       0       0       0       0       0       0       0       0
  4133 ;;Total ram usage:        1 bytes
  4134 ;; Hardware stack levels used: 1
  4135 ;; This function calls:
  4136 ;;		_I2C_Master_Start
  4137 ;;		_I2C_Master_Stop
  4138 ;;		_I2C_Master_Write
  4139 ;; This function is called by:
  4140 ;;		_SSD1306_SetCursor
  4141 ;;		_SSD1306_Init
  4142 ;; This function uses a non-reentrant model
  4143 ;;
  4144                           
  4145                           	psect	text16
  4146   006EAA                     __ptext16:
  4147                           	callstack 0
  4148   006EAA                     _SSD1306_Command:
  4149                           	callstack 26
  4150                           
  4151                           ;incstack = 0
  4152                           ;SSD1306_Command@command stored from wreg
  4153   006EAA  6E03               	movwf	SSD1306_Command@command^0,c
  4154   006EAC                     
  4155                           ;ssd1306.c: 111: static void SSD1306_Command(uint8_t command);ssd1306.c: 112: {;ssd1306.
      +                          c: 113:     I2C_Master_Start();
  4156   006EAC  EC09  F037         	call	_I2C_Master_Start	;wreg free
  4157                           
  4158                           ;ssd1306.c: 114:     I2C_Master_Write(0x78);
  4159   006EB0  0E78               	movlw	120
  4160   006EB2  EC37  F037         	call	_I2C_Master_Write
  4161                           
  4162                           ;ssd1306.c: 115:     I2C_Master_Write(0x00);
  4163   006EB6  0E00               	movlw	0
  4164   006EB8  EC37  F037         	call	_I2C_Master_Write
  4165                           
  4166                           ;ssd1306.c: 116:     I2C_Master_Write(command);
  4167   006EBC  5003               	movf	SSD1306_Command@command^0,w,c
  4168   006EBE  EC37  F037         	call	_I2C_Master_Write
  4169                           
  4170                           ;ssd1306.c: 117:     I2C_Master_Stop();
  4171   006EC2  EC14  F037         	call	_I2C_Master_Stop	;wreg free
  4172   006EC6  0012               	return		;funcret
  4173   006EC8                     __end_of_SSD1306_Command:
  4174                           	callstack 0
  4175                           
  4176 ;; *************** function _SSD1306_Data *****************
  4177 ;; Defined at:
  4178 ;;		line 132 in file "ssd1306.c"
  4179 ;; Parameters:    Size  Location     Type
  4180 ;;  data            1    wreg     unsigned char 
  4181 ;; Auto vars:     Size  Location     Type
  4182 ;;  data            1    2[COMRAM] unsigned char 
  4183 ;; Return value:  Size  Location     Type
  4184 ;;                  1    wreg      void 
  4185 ;; Registers used:
  4186 ;;		wreg, status,2, status,0, cstack
  4187 ;; Tracked objects:
  4188 ;;		On entry : 0/0
  4189 ;;		On exit  : 0/0
  4190 ;;		Unchanged: 0/0
  4191 ;; Data sizes:     COMRAM   BANK0   BANK1   BANK2   BANK3   BANK4   BANK5   BANK6   BANK7
  4192 ;;      Params:         0       0       0       0       0       0       0       0       0
  4193 ;;      Locals:         1       0       0       0       0       0       0       0       0
  4194 ;;      Temps:          0       0       0       0       0       0       0       0       0
  4195 ;;      Totals:         1       0       0       0       0       0       0       0       0
  4196 ;;Total ram usage:        1 bytes
  4197 ;; Hardware stack levels used: 1
  4198 ;; This function calls:
  4199 ;;		_I2C_Master_Write
  4200 ;; This function is called by:
  4201 ;;		_SSD1306_ClearDisplay
  4202 ;;		_SSD1306_WriteChar
  4203 ;;		_SSD1306_ClearLine
  4204 ;; This function uses a non-reentrant model
  4205 ;;
  4206                           
  4207                           	psect	text17
  4208   006DC4                     __ptext17:
  4209                           	callstack 0
  4210   006DC4                     _SSD1306_Data:
  4211                           	callstack 27
  4212                           
  4213                           ;incstack = 0
  4214                           ;SSD1306_Data@data stored from wreg
  4215   006DC4  6E03               	movwf	SSD1306_Data@data^0,c
  4216   006DC6                     
  4217                           ;ssd1306.c: 132: static void SSD1306_Data(uint8_t data);ssd1306.c: 133: {;ssd1306.c: 134
      +                          :     I2C_Master_Write(data);
  4218   006DC6  5003               	movf	SSD1306_Data@data^0,w,c
  4219   006DC8  EC37  F037         	call	_I2C_Master_Write
  4220   006DCC  0012               	return		;funcret
  4221   006DCE                     __end_of_SSD1306_Data:
  4222                           	callstack 0
  4223                           
  4224 ;; *************** function _Send_Red_Ir_By_UART *****************
  4225 ;; Defined at:
  4226 ;;		line 379 in file "main.c"
  4227 ;; Parameters:    Size  Location     Type
  4228 ;;  sample          2   31[COMRAM] unsigned short 
  4229 ;;  red_value       4   33[COMRAM] unsigned long 
  4230 ;;  ir_value        4   37[COMRAM] unsigned long 
  4231 ;; Auto vars:     Size  Location     Type
  4232 ;;  text           12   41[COMRAM] unsigned char [12]
  4233 ;; Return value:  Size  Location     Type
  4234 ;;                  1    wreg      void 
  4235 ;; Registers used:
  4236 ;;		wreg, fsr0l, fsr0h, fsr1l, fsr1h, fsr2l, fsr2h, status,2, status,0, tblptrl, tblptrh, tblptru, cstack
  4237 ;; Tracked objects:
  4238 ;;		On entry : 0/0
  4239 ;;		On exit  : 0/0
  4240 ;;		Unchanged: 0/0
  4241 ;; Data sizes:     COMRAM   BANK0   BANK1   BANK2   BANK3   BANK4   BANK5   BANK6   BANK7
  4242 ;;      Params:        10       0       0       0       0       0       0       0       0
  4243 ;;      Locals:        12       0       0       0       0       0       0       0       0
  4244 ;;      Temps:          0       0       0       0       0       0       0       0       0
  4245 ;;      Totals:        22       0       0       0       0       0       0       0       0
  4246 ;;Total ram usage:       22 bytes
  4247 ;; Hardware stack levels used: 1
  4248 ;; Hardware stack levels required when called: 2
  4249 ;; This function calls:
  4250 ;;		_UART_WriteLine
  4251 ;;		_UART_WriteString
  4252 ;;		_UInt16_ToString
  4253 ;;		_UInt32_ToString
  4254 ;; This function is called by:
  4255 ;;		_main
  4256 ;; This function uses a non-reentrant model
  4257 ;;
  4258                           
  4259                           	psect	text18
  4260   007282                     __ptext18:
  4261                           	callstack 0
  4262   007282                     _Send_Red_Ir_By_UART:
  4263                           	callstack 28
  4264   007282                     
  4265                           ;main.c: 379: static void Send_Red_Ir_By_UART(uint16_t sample, uint32_t red_value, uint3
      +                          2_t ir_value);main.c: 380: {;main.c: 381:     char text[12];;main.c: 383:     UInt16_ToS
      +                          tring(sample, text);
  4266   007282  C020  F008         	movff	Send_Red_Ir_By_UART@sample,UInt16_ToString@value
  4267   007286  C021  F009         	movff	Send_Red_Ir_By_UART@sample+1,UInt16_ToString@value+1
  4268   00728A  0E2A               	movlw	low Send_Red_Ir_By_UART@text
  4269   00728C  6E0A               	movwf	UInt16_ToString@buffer^0,c
  4270   00728E  ECFD  F03A         	call	_UInt16_ToString	;wreg free
  4271   007292                     
  4272                           ;main.c: 384:     UART_WriteString(text);
  4273   007292  0E2A               	movlw	low Send_Red_Ir_By_UART@text
  4274   007294  6E02               	movwf	UART_WriteString@text^0,c
  4275   007296  6A03               	clrf	(UART_WriteString@text+1)^0,c
  4276   007298  EC78  F038         	call	_UART_WriteString	;wreg free
  4277   00729C                     
  4278                           ;main.c: 385:     UART_WriteString("\t");
  4279   00729C  0EF9               	movlw	low STR_23
  4280   00729E  6E02               	movwf	UART_WriteString@text^0,c
  4281   0072A0  0E7F               	movlw	high STR_23
  4282   0072A2  6E03               	movwf	(UART_WriteString@text+1)^0,c
  4283   0072A4  EC78  F038         	call	_UART_WriteString	;wreg free
  4284                           
  4285                           ;main.c: 387:     UInt32_ToString(red_value, text);
  4286   0072A8  C022  F00E         	movff	Send_Red_Ir_By_UART@red_value,UInt32_ToString@value
  4287   0072AC  C023  F00F         	movff	Send_Red_Ir_By_UART@red_value+1,UInt32_ToString@value+1
  4288   0072B0  C024  F010         	movff	Send_Red_Ir_By_UART@red_value+2,UInt32_ToString@value+2
  4289   0072B4  C025  F011         	movff	Send_Red_Ir_By_UART@red_value+3,UInt32_ToString@value+3
  4290   0072B8  0E2A               	movlw	low Send_Red_Ir_By_UART@text
  4291   0072BA  6E12               	movwf	UInt32_ToString@buffer^0,c
  4292   0072BC  ECBB  F03B         	call	_UInt32_ToString	;wreg free
  4293   0072C0                     
  4294                           ;main.c: 388:     UART_WriteString(text);
  4295   0072C0  0E2A               	movlw	low Send_Red_Ir_By_UART@text
  4296   0072C2  6E02               	movwf	UART_WriteString@text^0,c
  4297   0072C4  6A03               	clrf	(UART_WriteString@text+1)^0,c
  4298   0072C6  EC78  F038         	call	_UART_WriteString	;wreg free
  4299   0072CA                     
  4300                           ;main.c: 389:     UART_WriteString("\t");
  4301   0072CA  0EF9               	movlw	low STR_23
  4302   0072CC  6E02               	movwf	UART_WriteString@text^0,c
  4303   0072CE  0E7F               	movlw	high STR_23
  4304   0072D0  6E03               	movwf	(UART_WriteString@text+1)^0,c
  4305   0072D2  EC78  F038         	call	_UART_WriteString	;wreg free
  4306                           
  4307                           ;main.c: 391:     UInt32_ToString(ir_value, text);
  4308   0072D6  C026  F00E         	movff	Send_Red_Ir_By_UART@ir_value,UInt32_ToString@value
  4309   0072DA  C027  F00F         	movff	Send_Red_Ir_By_UART@ir_value+1,UInt32_ToString@value+1
  4310   0072DE  C028  F010         	movff	Send_Red_Ir_By_UART@ir_value+2,UInt32_ToString@value+2
  4311   0072E2  C029  F011         	movff	Send_Red_Ir_By_UART@ir_value+3,UInt32_ToString@value+3
  4312   0072E6  0E2A               	movlw	low Send_Red_Ir_By_UART@text
  4313   0072E8  6E12               	movwf	UInt32_ToString@buffer^0,c
  4314   0072EA  ECBB  F03B         	call	_UInt32_ToString	;wreg free
  4315   0072EE                     
  4316                           ;main.c: 392:     UART_WriteLine(text);
  4317   0072EE  0E2A               	movlw	low Send_Red_Ir_By_UART@text
  4318   0072F0  6E04               	movwf	UART_WriteLine@text^0,c
  4319   0072F2  6A05               	clrf	(UART_WriteLine@text+1)^0,c
  4320   0072F4  EC2A  F037         	call	_UART_WriteLine	;wreg free
  4321   0072F8  0012               	return		;funcret
  4322   0072FA                     __end_of_Send_Red_Ir_By_UART:
  4323                           	callstack 0
  4324                           
  4325 ;; *************** function _UInt32_ToString *****************
  4326 ;; Defined at:
  4327 ;;		line 319 in file "main.c"
  4328 ;; Parameters:    Size  Location     Type
  4329 ;;  value           4   13[COMRAM] unsigned long 
  4330 ;;  buffer          1   17[COMRAM] PTR unsigned char 
  4331 ;;		 -> Send_Red_Ir_By_UART@text(12), Show_Red_Ir_On_OLED@text(12), 
  4332 ;; Auto vars:     Size  Location     Type
  4333 ;;  temp           11   18[COMRAM] unsigned char [11]
  4334 ;;  i               1   30[COMRAM] unsigned char 
  4335 ;;  j               1   29[COMRAM] unsigned char 
  4336 ;; Return value:  Size  Location     Type
  4337 ;;                  1    wreg      void 
  4338 ;; Registers used:
  4339 ;;		wreg, fsr1l, fsr1h, fsr2l, fsr2h, status,2, status,0, cstack
  4340 ;; Tracked objects:
  4341 ;;		On entry : 0/0
  4342 ;;		On exit  : 0/0
  4343 ;;		Unchanged: 0/0
  4344 ;; Data sizes:     COMRAM   BANK0   BANK1   BANK2   BANK3   BANK4   BANK5   BANK6   BANK7
  4345 ;;      Params:         5       0       0       0       0       0       0       0       0
  4346 ;;      Locals:        13       0       0       0       0       0       0       0       0
  4347 ;;      Temps:          0       0       0       0       0       0       0       0       0
  4348 ;;      Totals:        18       0       0       0       0       0       0       0       0
  4349 ;;Total ram usage:       18 bytes
  4350 ;; Hardware stack levels used: 1
  4351 ;; This function calls:
  4352 ;;		___lldiv
  4353 ;;		___llmod
  4354 ;; This function is called by:
  4355 ;;		_Show_Red_Ir_On_OLED
  4356 ;;		_Send_Red_Ir_By_UART
  4357 ;; This function uses a non-reentrant model
  4358 ;;
  4359                           
  4360                           	psect	text19
  4361   007776                     __ptext19:
  4362                           	callstack 0
  4363   007776                     _UInt32_ToString:
  4364                           	callstack 29
  4365   007776                     
  4366                           ;main.c: 319: static void UInt32_ToString(uint32_t value, char *buffer);main.c: 320: {;m
      +                          ain.c: 321:     char temp[11];;main.c: 322:     uint8_t i = 0;
  4367   007776  6A1F               	clrf	UInt32_ToString@i^0,c
  4368                           
  4369                           ;main.c: 323:     uint8_t j = 0;
  4370   007778  6A1E               	clrf	UInt32_ToString@j^0,c
  4371   00777A                     
  4372                           ;main.c: 325:     if (value == 0)
  4373   00777A  500E               	movf	UInt32_ToString@value^0,w,c
  4374   00777C  100F               	iorwf	(UInt32_ToString@value+1)^0,w,c
  4375   00777E  1010               	iorwf	(UInt32_ToString@value+2)^0,w,c
  4376   007780  1011               	iorwf	(UInt32_ToString@value+3)^0,w,c
  4377   007782  A4D8               	btfss	status,2,c
  4378   007784  EFC6  F03B         	goto	u911
  4379   007788  EFC8  F03B         	goto	u910
  4380   00778C                     u911:
  4381   00778C  EF09  F03C         	goto	l2080
  4382   007790                     u910:
  4383   007790                     
  4384                           ;main.c: 326:     {;main.c: 327:         buffer[0] = '0';
  4385   007790  5012               	movf	UInt32_ToString@buffer^0,w,c
  4386   007792  6ED9               	movwf	fsr2l,c
  4387   007794  6ADA               	clrf	fsr2h,c
  4388   007796  0E30               	movlw	48
  4389   007798  6EDF               	movwf	indf2,c
  4390   00779A                     
  4391                           ;main.c: 328:         buffer[1] = '\0';
  4392   00779A  5012               	movf	UInt32_ToString@buffer^0,w,c
  4393   00779C  6ED9               	movwf	fsr2l,c
  4394   00779E  6ADA               	clrf	fsr2h,c
  4395   0077A0  0E01               	movlw	1
  4396   0077A2  26D9               	addwf	fsr2l,f,c
  4397   0077A4  6ADF               	clrf	indf2,c
  4398   0077A6  EF2F  F03C         	goto	l125
  4399   0077AA                     l2074:
  4400                           
  4401                           ;main.c: 333:     {;main.c: 334:         temp[i] = (char)('0' + (value % 10UL));
  4402   0077AA  501F               	movf	UInt32_ToString@i^0,w,c
  4403   0077AC  0F13               	addlw	low UInt32_ToString@temp
  4404   0077AE  6ED9               	movwf	fsr2l,c
  4405   0077B0  6ADA               	clrf	fsr2h,c
  4406   0077B2  C00E  F001         	movff	UInt32_ToString@value,___llmod@dividend
  4407   0077B6  C00F  F002         	movff	UInt32_ToString@value+1,___llmod@dividend+1
  4408   0077BA  C010  F003         	movff	UInt32_ToString@value+2,___llmod@dividend+2
  4409   0077BE  C011  F004         	movff	UInt32_ToString@value+3,___llmod@dividend+3
  4410   0077C2  0E0A               	movlw	10
  4411   0077C4  6E05               	movwf	___llmod@divisor^0,c
  4412   0077C6  0E00               	movlw	0
  4413   0077C8  6E06               	movwf	(___llmod@divisor+1)^0,c
  4414   0077CA  0E00               	movlw	0
  4415   0077CC  6E07               	movwf	(___llmod@divisor+2)^0,c
  4416   0077CE  0E00               	movlw	0
  4417   0077D0  6E08               	movwf	(___llmod@divisor+3)^0,c
  4418   0077D2  EC7D  F039         	call	___llmod	;wreg free
  4419   0077D6  5001               	movf	?___llmod^0,w,c
  4420   0077D8  0F30               	addlw	48
  4421   0077DA  6EDF               	movwf	indf2,c
  4422   0077DC                     
  4423                           ;main.c: 335:         value /= 10UL;
  4424   0077DC  C00E  F001         	movff	UInt32_ToString@value,___lldiv@dividend
  4425   0077E0  C00F  F002         	movff	UInt32_ToString@value+1,___lldiv@dividend+1
  4426   0077E4  C010  F003         	movff	UInt32_ToString@value+2,___lldiv@dividend+2
  4427   0077E8  C011  F004         	movff	UInt32_ToString@value+3,___lldiv@dividend+3
  4428   0077EC  0E0A               	movlw	10
  4429   0077EE  6E05               	movwf	___lldiv@divisor^0,c
  4430   0077F0  0E00               	movlw	0
  4431   0077F2  6E06               	movwf	(___lldiv@divisor+1)^0,c
  4432   0077F4  0E00               	movlw	0
  4433   0077F6  6E07               	movwf	(___lldiv@divisor+2)^0,c
  4434   0077F8  0E00               	movlw	0
  4435   0077FA  6E08               	movwf	(___lldiv@divisor+3)^0,c
  4436   0077FC  ECAB  F03A         	call	___lldiv	;wreg free
  4437   007800  C001  F00E         	movff	?___lldiv,UInt32_ToString@value
  4438   007804  C002  F00F         	movff	?___lldiv+1,UInt32_ToString@value+1
  4439   007808  C003  F010         	movff	?___lldiv+2,UInt32_ToString@value+2
  4440   00780C  C004  F011         	movff	?___lldiv+3,UInt32_ToString@value+3
  4441   007810                     
  4442                           ;main.c: 336:         i++;
  4443   007810  2A1F               	incf	UInt32_ToString@i^0,f,c
  4444   007812                     l2080:
  4445                           
  4446                           ;main.c: 332:     while (value > 0)
  4447   007812  500E               	movf	UInt32_ToString@value^0,w,c
  4448   007814  100F               	iorwf	(UInt32_ToString@value+1)^0,w,c
  4449   007816  1010               	iorwf	(UInt32_ToString@value+2)^0,w,c
  4450   007818  1011               	iorwf	(UInt32_ToString@value+3)^0,w,c
  4451   00781A  A4D8               	btfss	status,2,c
  4452   00781C  EF12  F03C         	goto	u921
  4453   007820  EF14  F03C         	goto	u920
  4454   007824                     u921:
  4455   007824  EFD5  F03B         	goto	l2074
  4456   007828                     u920:
  4457   007828  EF22  F03C         	goto	l2088
  4458   00782C                     l2082:
  4459                           
  4460                           ;main.c: 340:     {;main.c: 341:         i--;
  4461   00782C  061F               	decf	UInt32_ToString@i^0,f,c
  4462   00782E                     
  4463                           ;main.c: 342:         buffer[j] = temp[i];
  4464   00782E  501F               	movf	UInt32_ToString@i^0,w,c
  4465   007830  0F13               	addlw	low UInt32_ToString@temp
  4466   007832  6ED9               	movwf	fsr2l,c
  4467   007834  6ADA               	clrf	fsr2h,c
  4468   007836  5012               	movf	UInt32_ToString@buffer^0,w,c
  4469   007838  241E               	addwf	UInt32_ToString@j^0,w,c
  4470   00783A  6EE1               	movwf	fsr1l,c
  4471   00783C  6AE2               	clrf	fsr1h,c
  4472   00783E  CFDF FFE7          	movff	indf2,indf1
  4473   007842                     
  4474                           ;main.c: 343:         j++;
  4475   007842  2A1E               	incf	UInt32_ToString@j^0,f,c
  4476   007844                     l2088:
  4477                           
  4478                           ;main.c: 339:     while (i > 0)
  4479   007844  501F               	movf	UInt32_ToString@i^0,w,c
  4480   007846  A4D8               	btfss	status,2,c
  4481   007848  EF28  F03C         	goto	u931
  4482   00784C  EF2A  F03C         	goto	u930
  4483   007850                     u931:
  4484   007850  EF16  F03C         	goto	l2082
  4485   007854                     u930:
  4486   007854                     
  4487                           ;main.c: 346:     buffer[j] = '\0';
  4488   007854  5012               	movf	UInt32_ToString@buffer^0,w,c
  4489   007856  241E               	addwf	UInt32_ToString@j^0,w,c
  4490   007858  6ED9               	movwf	fsr2l,c
  4491   00785A  6ADA               	clrf	fsr2h,c
  4492   00785C  6ADF               	clrf	indf2,c
  4493   00785E                     l125:
  4494   00785E  0012               	return		;funcret
  4495   007860                     __end_of_UInt32_ToString:
  4496                           	callstack 0
  4497                           
  4498 ;; *************** function ___llmod *****************
  4499 ;; Defined at:
  4500 ;;		line 7 in file "C:\Program Files\Microchip\xc8\v3.10\pic\sources\c99\common\llmod.c"
  4501 ;; Parameters:    Size  Location     Type
  4502 ;;  dividend        4    0[COMRAM] unsigned long 
  4503 ;;  divisor         4    4[COMRAM] unsigned long 
  4504 ;; Auto vars:     Size  Location     Type
  4505 ;;  counter         1    8[COMRAM] unsigned char 
  4506 ;; Return value:  Size  Location     Type
  4507 ;;                  4    0[COMRAM] unsigned long 
  4508 ;; Registers used:
  4509 ;;		wreg, status,2, status,0
  4510 ;; Tracked objects:
  4511 ;;		On entry : 0/0
  4512 ;;		On exit  : 0/0
  4513 ;;		Unchanged: 0/0
  4514 ;; Data sizes:     COMRAM   BANK0   BANK1   BANK2   BANK3   BANK4   BANK5   BANK6   BANK7
  4515 ;;      Params:         8       0       0       0       0       0       0       0       0
  4516 ;;      Locals:         1       0       0       0       0       0       0       0       0
  4517 ;;      Temps:          0       0       0       0       0       0       0       0       0
  4518 ;;      Totals:         9       0       0       0       0       0       0       0       0
  4519 ;;Total ram usage:        9 bytes
  4520 ;; Hardware stack levels used: 1
  4521 ;; This function calls:
  4522 ;;		Nothing
  4523 ;; This function is called by:
  4524 ;;		_UInt32_ToString
  4525 ;; This function uses a non-reentrant model
  4526 ;;
  4527                           
  4528                           	psect	text20
  4529   0072FA                     __ptext20:
  4530                           	callstack 0
  4531   0072FA                     ___llmod:
  4532                           	callstack 28
  4533   0072FA  5005               	movf	___llmod@divisor^0,w,c
  4534   0072FC  1006               	iorwf	(___llmod@divisor+1)^0,w,c
  4535   0072FE  1007               	iorwf	(___llmod@divisor+2)^0,w,c
  4536   007300  1008               	iorwf	(___llmod@divisor+3)^0,w,c
  4537   007302  B4D8               	btfsc	status,2,c
  4538   007304  EF86  F039         	goto	u811
  4539   007308  EF88  F039         	goto	u810
  4540   00730C                     u811:
  4541   00730C  EFB8  F039         	goto	l885
  4542   007310                     u810:
  4543   007310  0E01               	movlw	1
  4544   007312  6E09               	movwf	___llmod@counter^0,c
  4545   007314  EF92  F039         	goto	l1948
  4546   007318                     l1946:
  4547   007318  90D8               	bcf	status,0,c
  4548   00731A  3605               	rlcf	___llmod@divisor^0,f,c
  4549   00731C  3606               	rlcf	(___llmod@divisor+1)^0,f,c
  4550   00731E  3607               	rlcf	(___llmod@divisor+2)^0,f,c
  4551   007320  3608               	rlcf	(___llmod@divisor+3)^0,f,c
  4552   007322  2A09               	incf	___llmod@counter^0,f,c
  4553   007324                     l1948:
  4554   007324  AE08               	btfss	(___llmod@divisor+3)^0,7,c
  4555   007326  EF97  F039         	goto	u821
  4556   00732A  EF99  F039         	goto	u820
  4557   00732E                     u821:
  4558   00732E  EF8C  F039         	goto	l1946
  4559   007332                     u820:
  4560   007332                     l1950:
  4561   007332  5005               	movf	___llmod@divisor^0,w,c
  4562   007334  5C01               	subwf	___llmod@dividend^0,w,c
  4563   007336  5006               	movf	(___llmod@divisor+1)^0,w,c
  4564   007338  5802               	subwfb	(___llmod@dividend+1)^0,w,c
  4565   00733A  5007               	movf	(___llmod@divisor+2)^0,w,c
  4566   00733C  5803               	subwfb	(___llmod@dividend+2)^0,w,c
  4567   00733E  5008               	movf	(___llmod@divisor+3)^0,w,c
  4568   007340  5804               	subwfb	(___llmod@dividend+3)^0,w,c
  4569   007342  A0D8               	btfss	status,0,c
  4570   007344  EFA6  F039         	goto	u831
  4571   007348  EFA8  F039         	goto	u830
  4572   00734C                     u831:
  4573   00734C  EFB0  F039         	goto	l1954
  4574   007350                     u830:
  4575   007350  5005               	movf	___llmod@divisor^0,w,c
  4576   007352  5E01               	subwf	___llmod@dividend^0,f,c
  4577   007354  5006               	movf	(___llmod@divisor+1)^0,w,c
  4578   007356  5A02               	subwfb	(___llmod@dividend+1)^0,f,c
  4579   007358  5007               	movf	(___llmod@divisor+2)^0,w,c
  4580   00735A  5A03               	subwfb	(___llmod@dividend+2)^0,f,c
  4581   00735C  5008               	movf	(___llmod@divisor+3)^0,w,c
  4582   00735E  5A04               	subwfb	(___llmod@dividend+3)^0,f,c
  4583   007360                     l1954:
  4584   007360  90D8               	bcf	status,0,c
  4585   007362  3208               	rrcf	(___llmod@divisor+3)^0,f,c
  4586   007364  3207               	rrcf	(___llmod@divisor+2)^0,f,c
  4587   007366  3206               	rrcf	(___llmod@divisor+1)^0,f,c
  4588   007368  3205               	rrcf	___llmod@divisor^0,f,c
  4589   00736A  2E09               	decfsz	___llmod@counter^0,f,c
  4590   00736C  EF99  F039         	goto	l1950
  4591   007370                     l885:
  4592   007370  C001  F001         	movff	___llmod@dividend,?___llmod
  4593   007374  C002  F002         	movff	___llmod@dividend+1,?___llmod+1
  4594   007378  C003  F003         	movff	___llmod@dividend+2,?___llmod+2
  4595   00737C  C004  F004         	movff	___llmod@dividend+3,?___llmod+3
  4596   007380  0012               	return		;funcret
  4597   007382                     __end_of___llmod:
  4598                           	callstack 0
  4599                           
  4600 ;; *************** function ___lldiv *****************
  4601 ;; Defined at:
  4602 ;;		line 7 in file "C:\Program Files\Microchip\xc8\v3.10\pic\sources\c99\common\__lldiv.c"
  4603 ;; Parameters:    Size  Location     Type
  4604 ;;  dividend        4    0[COMRAM] unsigned long 
  4605 ;;  divisor         4    4[COMRAM] unsigned long 
  4606 ;; Auto vars:     Size  Location     Type
  4607 ;;  quotient        4    8[COMRAM] unsigned long 
  4608 ;;  counter         1   12[COMRAM] unsigned char 
  4609 ;; Return value:  Size  Location     Type
  4610 ;;                  4    0[COMRAM] unsigned long 
  4611 ;; Registers used:
  4612 ;;		wreg, status,2, status,0
  4613 ;; Tracked objects:
  4614 ;;		On entry : 0/0
  4615 ;;		On exit  : 0/0
  4616 ;;		Unchanged: 0/0
  4617 ;; Data sizes:     COMRAM   BANK0   BANK1   BANK2   BANK3   BANK4   BANK5   BANK6   BANK7
  4618 ;;      Params:         8       0       0       0       0       0       0       0       0
  4619 ;;      Locals:         5       0       0       0       0       0       0       0       0
  4620 ;;      Temps:          0       0       0       0       0       0       0       0       0
  4621 ;;      Totals:        13       0       0       0       0       0       0       0       0
  4622 ;;Total ram usage:       13 bytes
  4623 ;; Hardware stack levels used: 1
  4624 ;; This function calls:
  4625 ;;		Nothing
  4626 ;; This function is called by:
  4627 ;;		_UInt32_ToString
  4628 ;;		_I2C_Master_Init
  4629 ;; This function uses a non-reentrant model
  4630 ;;
  4631                           
  4632                           	psect	text21
  4633   007556                     __ptext21:
  4634                           	callstack 0
  4635   007556                     ___lldiv:
  4636                           	callstack 28
  4637   007556  0E00               	movlw	0
  4638   007558  6E09               	movwf	___lldiv@quotient^0,c
  4639   00755A  0E00               	movlw	0
  4640   00755C  6E0A               	movwf	(___lldiv@quotient+1)^0,c
  4641   00755E  0E00               	movlw	0
  4642   007560  6E0B               	movwf	(___lldiv@quotient+2)^0,c
  4643   007562  0E00               	movlw	0
  4644   007564  6E0C               	movwf	(___lldiv@quotient+3)^0,c
  4645   007566  5005               	movf	___lldiv@divisor^0,w,c
  4646   007568  1006               	iorwf	(___lldiv@divisor+1)^0,w,c
  4647   00756A  1007               	iorwf	(___lldiv@divisor+2)^0,w,c
  4648   00756C  1008               	iorwf	(___lldiv@divisor+3)^0,w,c
  4649   00756E  B4D8               	btfsc	status,2,c
  4650   007570  EFBC  F03A         	goto	u721
  4651   007574  EFBE  F03A         	goto	u720
  4652   007578                     u721:
  4653   007578  EFF4  F03A         	goto	l382
  4654   00757C                     u720:
  4655   00757C  0E01               	movlw	1
  4656   00757E  6E0D               	movwf	___lldiv@counter^0,c
  4657   007580  EFC8  F03A         	goto	l1890
  4658   007584                     l1888:
  4659   007584  90D8               	bcf	status,0,c
  4660   007586  3605               	rlcf	___lldiv@divisor^0,f,c
  4661   007588  3606               	rlcf	(___lldiv@divisor+1)^0,f,c
  4662   00758A  3607               	rlcf	(___lldiv@divisor+2)^0,f,c
  4663   00758C  3608               	rlcf	(___lldiv@divisor+3)^0,f,c
  4664   00758E  2A0D               	incf	___lldiv@counter^0,f,c
  4665   007590                     l1890:
  4666   007590  AE08               	btfss	(___lldiv@divisor+3)^0,7,c
  4667   007592  EFCD  F03A         	goto	u731
  4668   007596  EFCF  F03A         	goto	u730
  4669   00759A                     u731:
  4670   00759A  EFC2  F03A         	goto	l1888
  4671   00759E                     u730:
  4672   00759E                     l1892:
  4673   00759E  90D8               	bcf	status,0,c
  4674   0075A0  3609               	rlcf	___lldiv@quotient^0,f,c
  4675   0075A2  360A               	rlcf	(___lldiv@quotient+1)^0,f,c
  4676   0075A4  360B               	rlcf	(___lldiv@quotient+2)^0,f,c
  4677   0075A6  360C               	rlcf	(___lldiv@quotient+3)^0,f,c
  4678   0075A8  5005               	movf	___lldiv@divisor^0,w,c
  4679   0075AA  5C01               	subwf	___lldiv@dividend^0,w,c
  4680   0075AC  5006               	movf	(___lldiv@divisor+1)^0,w,c
  4681   0075AE  5802               	subwfb	(___lldiv@dividend+1)^0,w,c
  4682   0075B0  5007               	movf	(___lldiv@divisor+2)^0,w,c
  4683   0075B2  5803               	subwfb	(___lldiv@dividend+2)^0,w,c
  4684   0075B4  5008               	movf	(___lldiv@divisor+3)^0,w,c
  4685   0075B6  5804               	subwfb	(___lldiv@dividend+3)^0,w,c
  4686   0075B8  A0D8               	btfss	status,0,c
  4687   0075BA  EFE1  F03A         	goto	u741
  4688   0075BE  EFE3  F03A         	goto	u740
  4689   0075C2                     u741:
  4690   0075C2  EFEC  F03A         	goto	l1900
  4691   0075C6                     u740:
  4692   0075C6  5005               	movf	___lldiv@divisor^0,w,c
  4693   0075C8  5E01               	subwf	___lldiv@dividend^0,f,c
  4694   0075CA  5006               	movf	(___lldiv@divisor+1)^0,w,c
  4695   0075CC  5A02               	subwfb	(___lldiv@dividend+1)^0,f,c
  4696   0075CE  5007               	movf	(___lldiv@divisor+2)^0,w,c
  4697   0075D0  5A03               	subwfb	(___lldiv@dividend+2)^0,f,c
  4698   0075D2  5008               	movf	(___lldiv@divisor+3)^0,w,c
  4699   0075D4  5A04               	subwfb	(___lldiv@dividend+3)^0,f,c
  4700   0075D6  8009               	bsf	___lldiv@quotient^0,0,c
  4701   0075D8                     l1900:
  4702   0075D8  90D8               	bcf	status,0,c
  4703   0075DA  3208               	rrcf	(___lldiv@divisor+3)^0,f,c
  4704   0075DC  3207               	rrcf	(___lldiv@divisor+2)^0,f,c
  4705   0075DE  3206               	rrcf	(___lldiv@divisor+1)^0,f,c
  4706   0075E0  3205               	rrcf	___lldiv@divisor^0,f,c
  4707   0075E2  2E0D               	decfsz	___lldiv@counter^0,f,c
  4708   0075E4  EFCF  F03A         	goto	l1892
  4709   0075E8                     l382:
  4710   0075E8  C009  F001         	movff	___lldiv@quotient,?___lldiv
  4711   0075EC  C00A  F002         	movff	___lldiv@quotient+1,?___lldiv+1
  4712   0075F0  C00B  F003         	movff	___lldiv@quotient+2,?___lldiv+2
  4713   0075F4  C00C  F004         	movff	___lldiv@quotient+3,?___lldiv+3
  4714   0075F8  0012               	return		;funcret
  4715   0075FA                     __end_of___lldiv:
  4716                           	callstack 0
  4717                           
  4718 ;; *************** function _UInt16_ToString *****************
  4719 ;; Defined at:
  4720 ;;		line 289 in file "main.c"
  4721 ;; Parameters:    Size  Location     Type
  4722 ;;  value           2    7[COMRAM] unsigned short 
  4723 ;;  buffer          1    9[COMRAM] PTR unsigned char 
  4724 ;;		 -> Send_Red_Ir_By_UART@text(12), 
  4725 ;; Auto vars:     Size  Location     Type
  4726 ;;  temp            6   10[COMRAM] unsigned char [6]
  4727 ;;  i               1   17[COMRAM] unsigned char 
  4728 ;;  j               1   16[COMRAM] unsigned char 
  4729 ;; Return value:  Size  Location     Type
  4730 ;;                  1    wreg      void 
  4731 ;; Registers used:
  4732 ;;		wreg, fsr1l, fsr1h, fsr2l, fsr2h, status,2, status,0, cstack
  4733 ;; Tracked objects:
  4734 ;;		On entry : 0/0
  4735 ;;		On exit  : 0/0
  4736 ;;		Unchanged: 0/0
  4737 ;; Data sizes:     COMRAM   BANK0   BANK1   BANK2   BANK3   BANK4   BANK5   BANK6   BANK7
  4738 ;;      Params:         3       0       0       0       0       0       0       0       0
  4739 ;;      Locals:         8       0       0       0       0       0       0       0       0
  4740 ;;      Temps:          0       0       0       0       0       0       0       0       0
  4741 ;;      Totals:        11       0       0       0       0       0       0       0       0
  4742 ;;Total ram usage:       11 bytes
  4743 ;; Hardware stack levels used: 1
  4744 ;; Hardware stack levels required when called: 1
  4745 ;; This function calls:
  4746 ;;		___lwdiv
  4747 ;;		___lwmod
  4748 ;; This function is called by:
  4749 ;;		_Send_Red_Ir_By_UART
  4750 ;; This function uses a non-reentrant model
  4751 ;;
  4752                           
  4753                           	psect	text22
  4754   0075FA                     __ptext22:
  4755                           	callstack 0
  4756   0075FA                     _UInt16_ToString:
  4757                           	callstack 28
  4758   0075FA                     
  4759                           ;main.c: 289: static void UInt16_ToString(uint16_t value, char *buffer);main.c: 290: {;m
      +                          ain.c: 291:     char temp[6];;main.c: 292:     uint8_t i = 0;
  4760   0075FA  6A12               	clrf	UInt16_ToString@i^0,c
  4761                           
  4762                           ;main.c: 293:     uint8_t j = 0;
  4763   0075FC  6A11               	clrf	UInt16_ToString@j^0,c
  4764   0075FE                     
  4765                           ;main.c: 295:     if (value == 0)
  4766   0075FE  5008               	movf	UInt16_ToString@value^0,w,c
  4767   007600  1009               	iorwf	(UInt16_ToString@value+1)^0,w,c
  4768   007602  A4D8               	btfss	status,2,c
  4769   007604  EF06  F03B         	goto	u881
  4770   007608  EF08  F03B         	goto	u880
  4771   00760C                     u881:
  4772   00760C  EF33  F03B         	goto	l2052
  4773   007610                     u880:
  4774   007610                     
  4775                           ;main.c: 296:     {;main.c: 297:         buffer[0] = '0';
  4776   007610  500A               	movf	UInt16_ToString@buffer^0,w,c
  4777   007612  6ED9               	movwf	fsr2l,c
  4778   007614  6ADA               	clrf	fsr2h,c
  4779   007616  0E30               	movlw	48
  4780   007618  6EDF               	movwf	indf2,c
  4781   00761A                     
  4782                           ;main.c: 298:         buffer[1] = '\0';
  4783   00761A  500A               	movf	UInt16_ToString@buffer^0,w,c
  4784   00761C  6ED9               	movwf	fsr2l,c
  4785   00761E  6ADA               	clrf	fsr2h,c
  4786   007620  0E01               	movlw	1
  4787   007622  26D9               	addwf	fsr2l,f,c
  4788   007624  6ADF               	clrf	indf2,c
  4789   007626  EF57  F03B         	goto	l115
  4790   00762A                     l2046:
  4791                           
  4792                           ;main.c: 303:     {;main.c: 304:         temp[i] = (char)('0' + (value % 10));
  4793   00762A  5012               	movf	UInt16_ToString@i^0,w,c
  4794   00762C  0F0B               	addlw	low UInt16_ToString@temp
  4795   00762E  6ED9               	movwf	fsr2l,c
  4796   007630  6ADA               	clrf	fsr2h,c
  4797   007632  C008  F001         	movff	UInt16_ToString@value,___lwmod@dividend
  4798   007636  C009  F002         	movff	UInt16_ToString@value+1,___lwmod@dividend+1
  4799   00763A  6A04               	clrf	(___lwmod@divisor+1)^0,c
  4800   00763C  0E0A               	movlw	10
  4801   00763E  6E03               	movwf	___lwmod@divisor^0,c
  4802   007640  ECD6  F038         	call	___lwmod	;wreg free
  4803   007644  5001               	movf	?___lwmod^0,w,c
  4804   007646  0F30               	addlw	48
  4805   007648  6EDF               	movwf	indf2,c
  4806   00764A                     
  4807                           ;main.c: 305:         value /= 10;
  4808   00764A  C008  F001         	movff	UInt16_ToString@value,___lwdiv@dividend
  4809   00764E  C009  F002         	movff	UInt16_ToString@value+1,___lwdiv@dividend+1
  4810   007652  6A04               	clrf	(___lwdiv@divisor+1)^0,c
  4811   007654  0E0A               	movlw	10
  4812   007656  6E03               	movwf	___lwdiv@divisor^0,c
  4813   007658  EC08  F039         	call	___lwdiv	;wreg free
  4814   00765C  C001  F008         	movff	?___lwdiv,UInt16_ToString@value
  4815   007660  C002  F009         	movff	?___lwdiv+1,UInt16_ToString@value+1
  4816   007664                     
  4817                           ;main.c: 306:         i++;
  4818   007664  2A12               	incf	UInt16_ToString@i^0,f,c
  4819   007666                     l2052:
  4820                           
  4821                           ;main.c: 302:     while (value > 0)
  4822   007666  5008               	movf	UInt16_ToString@value^0,w,c
  4823   007668  1009               	iorwf	(UInt16_ToString@value+1)^0,w,c
  4824   00766A  A4D8               	btfss	status,2,c
  4825   00766C  EF3A  F03B         	goto	u891
  4826   007670  EF3C  F03B         	goto	u890
  4827   007674                     u891:
  4828   007674  EF15  F03B         	goto	l2046
  4829   007678                     u890:
  4830   007678  EF4A  F03B         	goto	l2060
  4831   00767C                     l2054:
  4832                           
  4833                           ;main.c: 310:     {;main.c: 311:         i--;
  4834   00767C  0612               	decf	UInt16_ToString@i^0,f,c
  4835   00767E                     
  4836                           ;main.c: 312:         buffer[j] = temp[i];
  4837   00767E  5012               	movf	UInt16_ToString@i^0,w,c
  4838   007680  0F0B               	addlw	low UInt16_ToString@temp
  4839   007682  6ED9               	movwf	fsr2l,c
  4840   007684  6ADA               	clrf	fsr2h,c
  4841   007686  500A               	movf	UInt16_ToString@buffer^0,w,c
  4842   007688  2411               	addwf	UInt16_ToString@j^0,w,c
  4843   00768A  6EE1               	movwf	fsr1l,c
  4844   00768C  6AE2               	clrf	fsr1h,c
  4845   00768E  CFDF FFE7          	movff	indf2,indf1
  4846   007692                     
  4847                           ;main.c: 313:         j++;
  4848   007692  2A11               	incf	UInt16_ToString@j^0,f,c
  4849   007694                     l2060:
  4850                           
  4851                           ;main.c: 309:     while (i > 0)
  4852   007694  5012               	movf	UInt16_ToString@i^0,w,c
  4853   007696  A4D8               	btfss	status,2,c
  4854   007698  EF50  F03B         	goto	u901
  4855   00769C  EF52  F03B         	goto	u900
  4856   0076A0                     u901:
  4857   0076A0  EF3E  F03B         	goto	l2054
  4858   0076A4                     u900:
  4859   0076A4                     
  4860                           ;main.c: 316:     buffer[j] = '\0';
  4861   0076A4  500A               	movf	UInt16_ToString@buffer^0,w,c
  4862   0076A6  2411               	addwf	UInt16_ToString@j^0,w,c
  4863   0076A8  6ED9               	movwf	fsr2l,c
  4864   0076AA  6ADA               	clrf	fsr2h,c
  4865   0076AC  6ADF               	clrf	indf2,c
  4866   0076AE                     l115:
  4867   0076AE  0012               	return		;funcret
  4868   0076B0                     __end_of_UInt16_ToString:
  4869                           	callstack 0
  4870                           
  4871 ;; *************** function ___lwmod *****************
  4872 ;; Defined at:
  4873 ;;		line 7 in file "C:\Program Files\Microchip\xc8\v3.10\pic\sources\c99\common\lwmod.c"
  4874 ;; Parameters:    Size  Location     Type
  4875 ;;  dividend        2    0[COMRAM] unsigned int 
  4876 ;;  divisor         2    2[COMRAM] unsigned int 
  4877 ;; Auto vars:     Size  Location     Type
  4878 ;;  counter         1    4[COMRAM] unsigned char 
  4879 ;; Return value:  Size  Location     Type
  4880 ;;                  2    0[COMRAM] unsigned int 
  4881 ;; Registers used:
  4882 ;;		wreg, status,2, status,0
  4883 ;; Tracked objects:
  4884 ;;		On entry : 0/0
  4885 ;;		On exit  : 0/0
  4886 ;;		Unchanged: 0/0
  4887 ;; Data sizes:     COMRAM   BANK0   BANK1   BANK2   BANK3   BANK4   BANK5   BANK6   BANK7
  4888 ;;      Params:         4       0       0       0       0       0       0       0       0
  4889 ;;      Locals:         1       0       0       0       0       0       0       0       0
  4890 ;;      Temps:          0       0       0       0       0       0       0       0       0
  4891 ;;      Totals:         5       0       0       0       0       0       0       0       0
  4892 ;;Total ram usage:        5 bytes
  4893 ;; Hardware stack levels used: 1
  4894 ;; This function calls:
  4895 ;;		Nothing
  4896 ;; This function is called by:
  4897 ;;		_UInt16_ToString
  4898 ;;		_UART_WriteUInt16
  4899 ;; This function uses a non-reentrant model
  4900 ;;
  4901                           
  4902                           	psect	text23
  4903   0071AC                     __ptext23:
  4904                           	callstack 0
  4905   0071AC                     ___lwmod:
  4906                           	callstack 28
  4907   0071AC  5003               	movf	___lwmod@divisor^0,w,c
  4908   0071AE  1004               	iorwf	(___lwmod@divisor+1)^0,w,c
  4909   0071B0  B4D8               	btfsc	status,2,c
  4910   0071B2  EFDD  F038         	goto	u781
  4911   0071B6  EFDF  F038         	goto	u780
  4912   0071BA                     u781:
  4913   0071BA  EF03  F039         	goto	l966
  4914   0071BE                     u780:
  4915   0071BE  0E01               	movlw	1
  4916   0071C0  6E05               	movwf	___lwmod@counter^0,c
  4917   0071C2  EFE7  F038         	goto	l1932
  4918   0071C6                     l1930:
  4919   0071C6  90D8               	bcf	status,0,c
  4920   0071C8  3603               	rlcf	___lwmod@divisor^0,f,c
  4921   0071CA  3604               	rlcf	(___lwmod@divisor+1)^0,f,c
  4922   0071CC  2A05               	incf	___lwmod@counter^0,f,c
  4923   0071CE                     l1932:
  4924   0071CE  AE04               	btfss	(___lwmod@divisor+1)^0,7,c
  4925   0071D0  EFEC  F038         	goto	u791
  4926   0071D4  EFEE  F038         	goto	u790
  4927   0071D8                     u791:
  4928   0071D8  EFE3  F038         	goto	l1930
  4929   0071DC                     u790:
  4930   0071DC                     l1934:
  4931   0071DC  5003               	movf	___lwmod@divisor^0,w,c
  4932   0071DE  5C01               	subwf	___lwmod@dividend^0,w,c
  4933   0071E0  5004               	movf	(___lwmod@divisor+1)^0,w,c
  4934   0071E2  5802               	subwfb	(___lwmod@dividend+1)^0,w,c
  4935   0071E4  A0D8               	btfss	status,0,c
  4936   0071E6  EFF7  F038         	goto	u801
  4937   0071EA  EFF9  F038         	goto	u800
  4938   0071EE                     u801:
  4939   0071EE  EFFD  F038         	goto	l1938
  4940   0071F2                     u800:
  4941   0071F2  5003               	movf	___lwmod@divisor^0,w,c
  4942   0071F4  5E01               	subwf	___lwmod@dividend^0,f,c
  4943   0071F6  5004               	movf	(___lwmod@divisor+1)^0,w,c
  4944   0071F8  5A02               	subwfb	(___lwmod@dividend+1)^0,f,c
  4945   0071FA                     l1938:
  4946   0071FA  90D8               	bcf	status,0,c
  4947   0071FC  3204               	rrcf	(___lwmod@divisor+1)^0,f,c
  4948   0071FE  3203               	rrcf	___lwmod@divisor^0,f,c
  4949   007200  2E05               	decfsz	___lwmod@counter^0,f,c
  4950   007202  EFEE  F038         	goto	l1934
  4951   007206                     l966:
  4952   007206  C001  F001         	movff	___lwmod@dividend,?___lwmod
  4953   00720A  C002  F002         	movff	___lwmod@dividend+1,?___lwmod+1
  4954   00720E  0012               	return		;funcret
  4955   007210                     __end_of___lwmod:
  4956                           	callstack 0
  4957                           
  4958 ;; *************** function ___lwdiv *****************
  4959 ;; Defined at:
  4960 ;;		line 7 in file "C:\Program Files\Microchip\xc8\v3.10\pic\sources\c99\common\lwdiv.c"
  4961 ;; Parameters:    Size  Location     Type
  4962 ;;  dividend        2    0[COMRAM] unsigned int 
  4963 ;;  divisor         2    2[COMRAM] unsigned int 
  4964 ;; Auto vars:     Size  Location     Type
  4965 ;;  quotient        2    4[COMRAM] unsigned int 
  4966 ;;  counter         1    6[COMRAM] unsigned char 
  4967 ;; Return value:  Size  Location     Type
  4968 ;;                  2    0[COMRAM] unsigned int 
  4969 ;; Registers used:
  4970 ;;		wreg, status,2, status,0
  4971 ;; Tracked objects:
  4972 ;;		On entry : 0/0
  4973 ;;		On exit  : 0/0
  4974 ;;		Unchanged: 0/0
  4975 ;; Data sizes:     COMRAM   BANK0   BANK1   BANK2   BANK3   BANK4   BANK5   BANK6   BANK7
  4976 ;;      Params:         4       0       0       0       0       0       0       0       0
  4977 ;;      Locals:         3       0       0       0       0       0       0       0       0
  4978 ;;      Temps:          0       0       0       0       0       0       0       0       0
  4979 ;;      Totals:         7       0       0       0       0       0       0       0       0
  4980 ;;Total ram usage:        7 bytes
  4981 ;; Hardware stack levels used: 1
  4982 ;; This function calls:
  4983 ;;		Nothing
  4984 ;; This function is called by:
  4985 ;;		_UInt16_ToString
  4986 ;;		_UART_WriteUInt16
  4987 ;; This function uses a non-reentrant model
  4988 ;;
  4989                           
  4990                           	psect	text24
  4991   007210                     __ptext24:
  4992                           	callstack 0
  4993   007210                     ___lwdiv:
  4994                           	callstack 28
  4995   007210  6A06               	clrf	(___lwdiv@quotient+1)^0,c
  4996   007212  0E00               	movlw	0
  4997   007214  6E05               	movwf	___lwdiv@quotient^0,c
  4998   007216  5003               	movf	___lwdiv@divisor^0,w,c
  4999   007218  1004               	iorwf	(___lwdiv@divisor+1)^0,w,c
  5000   00721A  B4D8               	btfsc	status,2,c
  5001   00721C  EF12  F039         	goto	u751
  5002   007220  EF14  F039         	goto	u750
  5003   007224                     u751:
  5004   007224  EF3C  F039         	goto	l956
  5005   007228                     u750:
  5006   007228  0E01               	movlw	1
  5007   00722A  6E07               	movwf	___lwdiv@counter^0,c
  5008   00722C  EF1C  F039         	goto	l1912
  5009   007230                     l1910:
  5010   007230  90D8               	bcf	status,0,c
  5011   007232  3603               	rlcf	___lwdiv@divisor^0,f,c
  5012   007234  3604               	rlcf	(___lwdiv@divisor+1)^0,f,c
  5013   007236  2A07               	incf	___lwdiv@counter^0,f,c
  5014   007238                     l1912:
  5015   007238  AE04               	btfss	(___lwdiv@divisor+1)^0,7,c
  5016   00723A  EF21  F039         	goto	u761
  5017   00723E  EF23  F039         	goto	u760
  5018   007242                     u761:
  5019   007242  EF18  F039         	goto	l1910
  5020   007246                     u760:
  5021   007246                     l1914:
  5022   007246  90D8               	bcf	status,0,c
  5023   007248  3605               	rlcf	___lwdiv@quotient^0,f,c
  5024   00724A  3606               	rlcf	(___lwdiv@quotient+1)^0,f,c
  5025   00724C  5003               	movf	___lwdiv@divisor^0,w,c
  5026   00724E  5C01               	subwf	___lwdiv@dividend^0,w,c
  5027   007250  5004               	movf	(___lwdiv@divisor+1)^0,w,c
  5028   007252  5802               	subwfb	(___lwdiv@dividend+1)^0,w,c
  5029   007254  A0D8               	btfss	status,0,c
  5030   007256  EF2F  F039         	goto	u771
  5031   00725A  EF31  F039         	goto	u770
  5032   00725E                     u771:
  5033   00725E  EF36  F039         	goto	l1922
  5034   007262                     u770:
  5035   007262  5003               	movf	___lwdiv@divisor^0,w,c
  5036   007264  5E01               	subwf	___lwdiv@dividend^0,f,c
  5037   007266  5004               	movf	(___lwdiv@divisor+1)^0,w,c
  5038   007268  5A02               	subwfb	(___lwdiv@dividend+1)^0,f,c
  5039   00726A  8005               	bsf	___lwdiv@quotient^0,0,c
  5040   00726C                     l1922:
  5041   00726C  90D8               	bcf	status,0,c
  5042   00726E  3204               	rrcf	(___lwdiv@divisor+1)^0,f,c
  5043   007270  3203               	rrcf	___lwdiv@divisor^0,f,c
  5044   007272  2E07               	decfsz	___lwdiv@counter^0,f,c
  5045   007274  EF23  F039         	goto	l1914
  5046   007278                     l956:
  5047   007278  C005  F001         	movff	___lwdiv@quotient,?___lwdiv
  5048   00727C  C006  F002         	movff	___lwdiv@quotient+1,?___lwdiv+1
  5049   007280  0012               	return		;funcret
  5050   007282                     __end_of___lwdiv:
  5051                           	callstack 0
  5052                           
  5053 ;; *************** function _Send_Header_By_UART *****************
  5054 ;; Defined at:
  5055 ;;		line 372 in file "main.c"
  5056 ;; Parameters:    Size  Location     Type
  5057 ;;		None
  5058 ;; Auto vars:     Size  Location     Type
  5059 ;;		None
  5060 ;; Return value:  Size  Location     Type
  5061 ;;                  1    wreg      void 
  5062 ;; Registers used:
  5063 ;;		wreg, fsr0l, fsr0h, status,2, status,0, tblptrl, tblptrh, tblptru, cstack
  5064 ;; Tracked objects:
  5065 ;;		On entry : 0/0
  5066 ;;		On exit  : 0/0
  5067 ;;		Unchanged: 0/0
  5068 ;; Data sizes:     COMRAM   BANK0   BANK1   BANK2   BANK3   BANK4   BANK5   BANK6   BANK7
  5069 ;;      Params:         0       0       0       0       0       0       0       0       0
  5070 ;;      Locals:         0       0       0       0       0       0       0       0       0
  5071 ;;      Temps:          0       0       0       0       0       0       0       0       0
  5072 ;;      Totals:         0       0       0       0       0       0       0       0       0
  5073 ;;Total ram usage:        0 bytes
  5074 ;; Hardware stack levels used: 1
  5075 ;; Hardware stack levels required when called: 3
  5076 ;; This function calls:
  5077 ;;		_UART_WriteLine
  5078 ;; This function is called by:
  5079 ;;		_main
  5080 ;; This function uses a non-reentrant model
  5081 ;;
  5082                           
  5083                           	psect	text25
  5084   006F0C                     __ptext25:
  5085                           	callstack 0
  5086   006F0C                     _Send_Header_By_UART:
  5087                           	callstack 27
  5088   006F0C                     
  5089                           ;main.c: 374:     UART_WriteLine("");
  5090   006F0C  0EFA               	movlw	low (STR_23+1)
  5091   006F0E  6E04               	movwf	UART_WriteLine@text^0,c
  5092   006F10  0E7F               	movlw	high (STR_23+1)
  5093   006F12  6E05               	movwf	(UART_WriteLine@text+1)^0,c
  5094   006F14  EC2A  F037         	call	_UART_WriteLine	;wreg free
  5095                           
  5096                           ;main.c: 375:     UART_WriteLine("Muestra\tRED\tIR");
  5097   006F18  0E7B               	movlw	low STR_21
  5098   006F1A  6E04               	movwf	UART_WriteLine@text^0,c
  5099   006F1C  0E7F               	movlw	high STR_21
  5100   006F1E  6E05               	movwf	(UART_WriteLine@text+1)^0,c
  5101   006F20  EC2A  F037         	call	_UART_WriteLine	;wreg free
  5102                           
  5103                           ;main.c: 376:     UART_WriteLine("---------------------------");
  5104   006F24  0ED7               	movlw	low STR_22
  5105   006F26  6E04               	movwf	UART_WriteLine@text^0,c
  5106   006F28  0E7E               	movlw	high STR_22
  5107   006F2A  6E05               	movwf	(UART_WriteLine@text+1)^0,c
  5108   006F2C  EC2A  F037         	call	_UART_WriteLine	;wreg free
  5109   006F30  0012               	return		;funcret
  5110   006F32                     __end_of_Send_Header_By_UART:
  5111                           	callstack 0
  5112                           
  5113 ;; *************** function _UART_WriteLine *****************
  5114 ;; Defined at:
  5115 ;;		line 73 in file "uart.c"
  5116 ;; Parameters:    Size  Location     Type
  5117 ;;  text            2    3[COMRAM] PTR const unsigned char 
  5118 ;;		 -> Send_Red_Ir_By_UART@text(12), STR_22(28), STR_21(15), STR_20(1), 
  5119 ;;		 -> STR_12(26), STR_11(33), STR_7(27), STR_6(29), 
  5120 ;;		 -> STR_5(24), STR_4(32), STR_3(25), STR_2(17), 
  5121 ;;		 -> STR_1(17), 
  5122 ;; Auto vars:     Size  Location     Type
  5123 ;;		None
  5124 ;; Return value:  Size  Location     Type
  5125 ;;                  1    wreg      void 
  5126 ;; Registers used:
  5127 ;;		wreg, fsr0l, fsr0h, status,2, status,0, tblptrl, tblptrh, tblptru, cstack
  5128 ;; Tracked objects:
  5129 ;;		On entry : 0/0
  5130 ;;		On exit  : 0/0
  5131 ;;		Unchanged: 0/0
  5132 ;; Data sizes:     COMRAM   BANK0   BANK1   BANK2   BANK3   BANK4   BANK5   BANK6   BANK7
  5133 ;;      Params:         2       0       0       0       0       0       0       0       0
  5134 ;;      Locals:         0       0       0       0       0       0       0       0       0
  5135 ;;      Temps:          0       0       0       0       0       0       0       0       0
  5136 ;;      Totals:         2       0       0       0       0       0       0       0       0
  5137 ;;Total ram usage:        2 bytes
  5138 ;; Hardware stack levels used: 1
  5139 ;; This function calls:
  5140 ;;		_UART_WriteString
  5141 ;; This function is called by:
  5142 ;;		_main
  5143 ;;		_Send_Header_By_UART
  5144 ;;		_Send_Red_Ir_By_UART
  5145 ;; This function uses a non-reentrant model
  5146 ;;
  5147                           
  5148                           	psect	text26
  5149   006E54                     __ptext26:
  5150                           	callstack 0
  5151   006E54                     _UART_WriteLine:
  5152                           	callstack 29
  5153   006E54                     
  5154                           ;uart.c: 73: void UART_WriteLine(const char *text);uart.c: 74: {;uart.c: 75:     UART_Wr
      +                          iteString(text);
  5155   006E54  C004  F002         	movff	UART_WriteLine@text,UART_WriteString@text
  5156   006E58  C005  F003         	movff	UART_WriteLine@text+1,UART_WriteString@text+1
  5157   006E5C  EC78  F038         	call	_UART_WriteString	;wreg free
  5158                           
  5159                           ;uart.c: 76:     UART_WriteString("\r\n");
  5160   006E60  0EF6               	movlw	low STR_25
  5161   006E62  6E02               	movwf	UART_WriteString@text^0,c
  5162   006E64  0E7F               	movlw	high STR_25
  5163   006E66  6E03               	movwf	(UART_WriteString@text+1)^0,c
  5164   006E68  EC78  F038         	call	_UART_WriteString	;wreg free
  5165   006E6C  0012               	return		;funcret
  5166   006E6E                     __end_of_UART_WriteLine:
  5167                           	callstack 0
  5168                           
  5169 ;; *************** function _UART_WriteString *****************
  5170 ;; Defined at:
  5171 ;;		line 64 in file "uart.c"
  5172 ;; Parameters:    Size  Location     Type
  5173 ;;  text            2    1[COMRAM] PTR const unsigned char 
  5174 ;;		 -> STR_25(3), STR_24(2), STR_23(2), Send_Red_Ir_By_UART@text(12), 
  5175 ;;		 -> STR_22(28), STR_21(15), STR_20(1), STR_12(26), 
  5176 ;;		 -> STR_11(33), STR_7(27), STR_6(29), STR_5(24), 
  5177 ;;		 -> STR_4(32), STR_3(25), STR_2(17), STR_1(17), 
  5178 ;; Auto vars:     Size  Location     Type
  5179 ;;		None
  5180 ;; Return value:  Size  Location     Type
  5181 ;;                  1    wreg      void 
  5182 ;; Registers used:
  5183 ;;		wreg, fsr0l, fsr0h, status,2, status,0, tblptrl, tblptrh, tblptru, cstack
  5184 ;; Tracked objects:
  5185 ;;		On entry : 0/0
  5186 ;;		On exit  : 0/0
  5187 ;;		Unchanged: 0/0
  5188 ;; Data sizes:     COMRAM   BANK0   BANK1   BANK2   BANK3   BANK4   BANK5   BANK6   BANK7
  5189 ;;      Params:         2       0       0       0       0       0       0       0       0
  5190 ;;      Locals:         0       0       0       0       0       0       0       0       0
  5191 ;;      Temps:          0       0       0       0       0       0       0       0       0
  5192 ;;      Totals:         2       0       0       0       0       0       0       0       0
  5193 ;;Total ram usage:        2 bytes
  5194 ;; Hardware stack levels used: 1
  5195 ;; This function calls:
  5196 ;;		_UART_WriteChar
  5197 ;; This function is called by:
  5198 ;;		_Send_Red_Ir_By_UART
  5199 ;;		_UART_WriteLine
  5200 ;; This function uses a non-reentrant model
  5201 ;;
  5202                           
  5203                           	psect	text27
  5204   0070F0                     __ptext27:
  5205                           	callstack 0
  5206   0070F0                     _UART_WriteString:
  5207                           	callstack 28
  5208   0070F0                     
  5209                           ;uart.c: 64: void UART_WriteString(const char *text);uart.c: 65: {;uart.c: 66:     while
      +                           (*text != '\0')
  5210   0070F0  EF8E  F038         	goto	l1832
  5211   0070F4                     l1828:
  5212                           
  5213                           ;uart.c: 67:     {;uart.c: 68:         UART_WriteChar(*text);
  5214   0070F4  C002  FFF6         	movff	UART_WriteString@text,tblptrl
  5215   0070F8  C003  FFF7         	movff	UART_WriteString@text+1,tblptrh
  5216   0070FC  6AF8               	clrf	tblptru,c
  5217   0070FE  0E07               	movlw	(high __ramtop+-1)
  5218   007100  64F7               	cpfsgt	tblptrh,c
  5219   007102  D003               	bra	u627
  5220   007104  0008               	tblrd		*
  5221   007106  50F5               	movf	tablat,w,c
  5222   007108  D005               	bra	u620
  5223   00710A                     u627:
  5224   00710A  CFF6 FFE9          	movff	tblptrl,fsr0l
  5225   00710E  CFF7 FFEA          	movff	tblptrh,fsr0h
  5226   007112  50EF               	movf	indf0,w,c
  5227   007114                     u620:
  5228   007114  EC1F  F037         	call	_UART_WriteChar
  5229   007118                     
  5230                           ;uart.c: 69:         text++;
  5231   007118  4A02               	infsnz	UART_WriteString@text^0,f,c
  5232   00711A  2A03               	incf	(UART_WriteString@text+1)^0,f,c
  5233   00711C                     l1832:
  5234                           
  5235                           ;uart.c: 66:     while (*text != '\0')
  5236   00711C  C002  FFF6         	movff	UART_WriteString@text,tblptrl
  5237   007120  C003  FFF7         	movff	UART_WriteString@text+1,tblptrh
  5238   007124  6AF8               	clrf	tblptru,c
  5239   007126  0E07               	movlw	(high __ramtop+-1)
  5240   007128  64F7               	cpfsgt	tblptrh,c
  5241   00712A  D003               	bra	u637
  5242   00712C  0008               	tblrd		*
  5243   00712E  50F5               	movf	tablat,w,c
  5244   007130  D005               	bra	u630
  5245   007132                     u637:
  5246   007132  CFF6 FFE9          	movff	tblptrl,fsr0l
  5247   007136  CFF7 FFEA          	movff	tblptrh,fsr0h
  5248   00713A  50EF               	movf	indf0,w,c
  5249   00713C                     u630:
  5250   00713C  0900               	iorlw	0
  5251   00713E  A4D8               	btfss	status,2,c
  5252   007140  EFA4  F038         	goto	u641
  5253   007144  EFA6  F038         	goto	u640
  5254   007148                     u641:
  5255   007148  EF7A  F038         	goto	l1828
  5256   00714C                     u640:
  5257   00714C  0012               	return		;funcret
  5258   00714E                     __end_of_UART_WriteString:
  5259                           	callstack 0
  5260                           
  5261 ;; *************** function _UART_WriteChar *****************
  5262 ;; Defined at:
  5263 ;;		line 54 in file "uart.c"
  5264 ;; Parameters:    Size  Location     Type
  5265 ;;  data            1    wreg     unsigned char 
  5266 ;; Auto vars:     Size  Location     Type
  5267 ;;  data            1    0[COMRAM] unsigned char 
  5268 ;; Return value:  Size  Location     Type
  5269 ;;                  1    wreg      void 
  5270 ;; Registers used:
  5271 ;;		wreg
  5272 ;; Tracked objects:
  5273 ;;		On entry : 0/0
  5274 ;;		On exit  : 0/0
  5275 ;;		Unchanged: 0/0
  5276 ;; Data sizes:     COMRAM   BANK0   BANK1   BANK2   BANK3   BANK4   BANK5   BANK6   BANK7
  5277 ;;      Params:         0       0       0       0       0       0       0       0       0
  5278 ;;      Locals:         1       0       0       0       0       0       0       0       0
  5279 ;;      Temps:          0       0       0       0       0       0       0       0       0
  5280 ;;      Totals:         1       0       0       0       0       0       0       0       0
  5281 ;;Total ram usage:        1 bytes
  5282 ;; Hardware stack levels used: 1
  5283 ;; This function calls:
  5284 ;;		Nothing
  5285 ;; This function is called by:
  5286 ;;		_UART_WriteString
  5287 ;;		_UART_WriteUInt16
  5288 ;; This function uses a non-reentrant model
  5289 ;;
  5290                           
  5291                           	psect	text28
  5292   006E3E                     __ptext28:
  5293                           	callstack 0
  5294   006E3E                     _UART_WriteChar:
  5295                           	callstack 27
  5296                           
  5297                           ;incstack = 0
  5298                           ;UART_WriteChar@data stored from wreg
  5299   006E3E  6E01               	movwf	UART_WriteChar@data^0,c
  5300   006E40                     l297:
  5301                           
  5302                           ;uart.c: 56:     while (!PIR1bits.TXIF)
  5303   006E40  A89E               	btfss	158,4,c	;volatile
  5304   006E42  EF25  F037         	goto	u81
  5305   006E46  EF27  F037         	goto	u80
  5306   006E4A                     u81:
  5307   006E4A  EF20  F037         	goto	l297
  5308   006E4E                     u80:
  5309   006E4E                     
  5310                           ;uart.c: 61:     TXREG = data;
  5311   006E4E  C001  FFAD         	movff	UART_WriteChar@data,4013	;volatile
  5312   006E52  0012               	return		;funcret
  5313   006E54                     __end_of_UART_WriteChar:
  5314                           	callstack 0
  5315                           
  5316 ;; *************** function _MAX30102_ReadFIFO *****************
  5317 ;; Defined at:
  5318 ;;		line 187 in file "max30102.c"
  5319 ;; Parameters:    Size  Location     Type
  5320 ;;  red_value       1   12[COMRAM] PTR unsigned long 
  5321 ;;		 -> main@red_value(4), 
  5322 ;;  ir_value        1   13[COMRAM] PTR unsigned long 
  5323 ;;		 -> main@ir_value(4), 
  5324 ;; Auto vars:     Size  Location     Type
  5325 ;;  data            6   30[COMRAM] unsigned char [6]
  5326 ;; Return value:  Size  Location     Type
  5327 ;;                  1    wreg      unsigned char 
  5328 ;; Registers used:
  5329 ;;		wreg, fsr2l, fsr2h, status,2, status,0, cstack
  5330 ;; Tracked objects:
  5331 ;;		On entry : 0/0
  5332 ;;		On exit  : 0/0
  5333 ;;		Unchanged: 0/0
  5334 ;; Data sizes:     COMRAM   BANK0   BANK1   BANK2   BANK3   BANK4   BANK5   BANK6   BANK7
  5335 ;;      Params:         2       0       0       0       0       0       0       0       0
  5336 ;;      Locals:         6       0       0       0       0       0       0       0       0
  5337 ;;      Temps:         16       0       0       0       0       0       0       0       0
  5338 ;;      Totals:        24       0       0       0       0       0       0       0       0
  5339 ;;Total ram usage:       24 bytes
  5340 ;; Hardware stack levels used: 1
  5341 ;; Hardware stack levels required when called: 2
  5342 ;; This function calls:
  5343 ;;		_MAX30102_ReadMulti
  5344 ;; This function is called by:
  5345 ;;		_main
  5346 ;; This function uses a non-reentrant model
  5347 ;;
  5348                           
  5349                           	psect	text29
  5350   00796E                     __ptext29:
  5351                           	callstack 0
  5352   00796E                     _MAX30102_ReadFIFO:
  5353                           	callstack 28
  5354   00796E                     
  5355                           ;max30102.c: 187: uint8_t MAX30102_ReadFIFO(uint32_t *red_value, uint32_t *ir_value);max
      +                          30102.c: 188: {;max30102.c: 189:     uint8_t data[6];;max30102.c: 191:     MAX30102_Read
      +                          Multi(0x07, data, 6);
  5356   00796E  0E1F               	movlw	low MAX30102_ReadFIFO@data
  5357   007970  6E04               	movwf	MAX30102_ReadMulti@buffer^0,c
  5358   007972  0E06               	movlw	6
  5359   007974  6E05               	movwf	MAX30102_ReadMulti@length^0,c
  5360   007976  0E07               	movlw	7
  5361   007978  ECC1  F039         	call	_MAX30102_ReadMulti
  5362   00797C                     
  5363                           ;max30102.c: 193:     *red_value = (((uint32_t)data[0] << 16) |
  5364   00797C  C020  F00F         	movff	MAX30102_ReadFIFO@data+1,??_MAX30102_ReadFIFO
  5365   007980  6A10               	clrf	(??_MAX30102_ReadFIFO+1)^0,c
  5366   007982  6A11               	clrf	(??_MAX30102_ReadFIFO+2)^0,c
  5367   007984  6A12               	clrf	(??_MAX30102_ReadFIFO+3)^0,c
  5368   007986  C011  F012         	movff	??_MAX30102_ReadFIFO+2,??_MAX30102_ReadFIFO+3
  5369   00798A  C010  F011         	movff	??_MAX30102_ReadFIFO+1,??_MAX30102_ReadFIFO+2
  5370   00798E  C00F  F010         	movff	??_MAX30102_ReadFIFO,??_MAX30102_ReadFIFO+1
  5371   007992  6A0F               	clrf	??_MAX30102_ReadFIFO^0,c
  5372   007994  C01F  F013         	movff	MAX30102_ReadFIFO@data,??_MAX30102_ReadFIFO+4
  5373   007998  6A14               	clrf	(??_MAX30102_ReadFIFO+5)^0,c
  5374   00799A  6A15               	clrf	(??_MAX30102_ReadFIFO+6)^0,c
  5375   00799C  6A16               	clrf	(??_MAX30102_ReadFIFO+7)^0,c
  5376   00799E  C014  F016         	movff	??_MAX30102_ReadFIFO+5,??_MAX30102_ReadFIFO+7
  5377   0079A2  C013  F015         	movff	??_MAX30102_ReadFIFO+4,??_MAX30102_ReadFIFO+6
  5378   0079A6  6A14               	clrf	(??_MAX30102_ReadFIFO+5)^0,c
  5379   0079A8  6A13               	clrf	(??_MAX30102_ReadFIFO+4)^0,c
  5380   0079AA  500F               	movf	??_MAX30102_ReadFIFO^0,w,c
  5381   0079AC  1013               	iorwf	(??_MAX30102_ReadFIFO+4)^0,w,c
  5382   0079AE  6E17               	movwf	(??_MAX30102_ReadFIFO+8)^0,c
  5383   0079B0  5010               	movf	(??_MAX30102_ReadFIFO+1)^0,w,c
  5384   0079B2  1014               	iorwf	(??_MAX30102_ReadFIFO+5)^0,w,c
  5385   0079B4  6E18               	movwf	(??_MAX30102_ReadFIFO+9)^0,c
  5386   0079B6  5011               	movf	(??_MAX30102_ReadFIFO+2)^0,w,c
  5387   0079B8  1015               	iorwf	(??_MAX30102_ReadFIFO+6)^0,w,c
  5388   0079BA  6E19               	movwf	(??_MAX30102_ReadFIFO+10)^0,c
  5389   0079BC  5012               	movf	(??_MAX30102_ReadFIFO+3)^0,w,c
  5390   0079BE  1016               	iorwf	(??_MAX30102_ReadFIFO+7)^0,w,c
  5391   0079C0  6E1A               	movwf	(??_MAX30102_ReadFIFO+11)^0,c
  5392   0079C2  5021               	movf	(MAX30102_ReadFIFO@data+2)^0,w,c
  5393   0079C4  1017               	iorwf	(??_MAX30102_ReadFIFO+8)^0,w,c
  5394   0079C6  6E1B               	movwf	(??_MAX30102_ReadFIFO+12)^0,c
  5395   0079C8  5018               	movf	(??_MAX30102_ReadFIFO+9)^0,w,c
  5396   0079CA  6E1C               	movwf	(??_MAX30102_ReadFIFO+13)^0,c
  5397   0079CC  5019               	movf	(??_MAX30102_ReadFIFO+10)^0,w,c
  5398   0079CE  6E1D               	movwf	(??_MAX30102_ReadFIFO+14)^0,c
  5399   0079D0  501A               	movf	(??_MAX30102_ReadFIFO+11)^0,w,c
  5400   0079D2  6E1E               	movwf	(??_MAX30102_ReadFIFO+15)^0,c
  5401   0079D4  500D               	movf	MAX30102_ReadFIFO@red_value^0,w,c
  5402   0079D6  6ED9               	movwf	fsr2l,c
  5403   0079D8  6ADA               	clrf	fsr2h,c
  5404   0079DA  C01B  FFDE         	movff	??_MAX30102_ReadFIFO+12,postinc2
  5405   0079DE  C01C  FFDE         	movff	??_MAX30102_ReadFIFO+13,postinc2
  5406   0079E2  C01D  FFDE         	movff	??_MAX30102_ReadFIFO+14,postinc2
  5407   0079E6  C01E  FFDE         	movff	??_MAX30102_ReadFIFO+15,postinc2
  5408   0079EA                     
  5409                           ;max30102.c: 197:     *ir_value = (((uint32_t)data[3] << 16) |
  5410   0079EA  C023  F00F         	movff	MAX30102_ReadFIFO@data+4,??_MAX30102_ReadFIFO
  5411   0079EE  6A10               	clrf	(??_MAX30102_ReadFIFO+1)^0,c
  5412   0079F0  6A11               	clrf	(??_MAX30102_ReadFIFO+2)^0,c
  5413   0079F2  6A12               	clrf	(??_MAX30102_ReadFIFO+3)^0,c
  5414   0079F4  C011  F012         	movff	??_MAX30102_ReadFIFO+2,??_MAX30102_ReadFIFO+3
  5415   0079F8  C010  F011         	movff	??_MAX30102_ReadFIFO+1,??_MAX30102_ReadFIFO+2
  5416   0079FC  C00F  F010         	movff	??_MAX30102_ReadFIFO,??_MAX30102_ReadFIFO+1
  5417   007A00  6A0F               	clrf	??_MAX30102_ReadFIFO^0,c
  5418   007A02  C022  F013         	movff	MAX30102_ReadFIFO@data+3,??_MAX30102_ReadFIFO+4
  5419   007A06  6A14               	clrf	(??_MAX30102_ReadFIFO+5)^0,c
  5420   007A08  6A15               	clrf	(??_MAX30102_ReadFIFO+6)^0,c
  5421   007A0A  6A16               	clrf	(??_MAX30102_ReadFIFO+7)^0,c
  5422   007A0C  C014  F016         	movff	??_MAX30102_ReadFIFO+5,??_MAX30102_ReadFIFO+7
  5423   007A10  C013  F015         	movff	??_MAX30102_ReadFIFO+4,??_MAX30102_ReadFIFO+6
  5424   007A14  6A14               	clrf	(??_MAX30102_ReadFIFO+5)^0,c
  5425   007A16  6A13               	clrf	(??_MAX30102_ReadFIFO+4)^0,c
  5426   007A18  500F               	movf	??_MAX30102_ReadFIFO^0,w,c
  5427   007A1A  1013               	iorwf	(??_MAX30102_ReadFIFO+4)^0,w,c
  5428   007A1C  6E17               	movwf	(??_MAX30102_ReadFIFO+8)^0,c
  5429   007A1E  5010               	movf	(??_MAX30102_ReadFIFO+1)^0,w,c
  5430   007A20  1014               	iorwf	(??_MAX30102_ReadFIFO+5)^0,w,c
  5431   007A22  6E18               	movwf	(??_MAX30102_ReadFIFO+9)^0,c
  5432   007A24  5011               	movf	(??_MAX30102_ReadFIFO+2)^0,w,c
  5433   007A26  1015               	iorwf	(??_MAX30102_ReadFIFO+6)^0,w,c
  5434   007A28  6E19               	movwf	(??_MAX30102_ReadFIFO+10)^0,c
  5435   007A2A  5012               	movf	(??_MAX30102_ReadFIFO+3)^0,w,c
  5436   007A2C  1016               	iorwf	(??_MAX30102_ReadFIFO+7)^0,w,c
  5437   007A2E  6E1A               	movwf	(??_MAX30102_ReadFIFO+11)^0,c
  5438   007A30  5024               	movf	(MAX30102_ReadFIFO@data+5)^0,w,c
  5439   007A32  1017               	iorwf	(??_MAX30102_ReadFIFO+8)^0,w,c
  5440   007A34  6E1B               	movwf	(??_MAX30102_ReadFIFO+12)^0,c
  5441   007A36  5018               	movf	(??_MAX30102_ReadFIFO+9)^0,w,c
  5442   007A38  6E1C               	movwf	(??_MAX30102_ReadFIFO+13)^0,c
  5443   007A3A  5019               	movf	(??_MAX30102_ReadFIFO+10)^0,w,c
  5444   007A3C  6E1D               	movwf	(??_MAX30102_ReadFIFO+14)^0,c
  5445   007A3E  501A               	movf	(??_MAX30102_ReadFIFO+11)^0,w,c
  5446   007A40  6E1E               	movwf	(??_MAX30102_ReadFIFO+15)^0,c
  5447   007A42  500E               	movf	MAX30102_ReadFIFO@ir_value^0,w,c
  5448   007A44  6ED9               	movwf	fsr2l,c
  5449   007A46  6ADA               	clrf	fsr2h,c
  5450   007A48  C01B  FFDE         	movff	??_MAX30102_ReadFIFO+12,postinc2
  5451   007A4C  C01C  FFDE         	movff	??_MAX30102_ReadFIFO+13,postinc2
  5452   007A50  C01D  FFDE         	movff	??_MAX30102_ReadFIFO+14,postinc2
  5453   007A54  C01E  FFDE         	movff	??_MAX30102_ReadFIFO+15,postinc2
  5454   007A58                     
  5455                           ;max30102.c: 205:     *red_value &= 0x03FFFF;
  5456   007A58  500D               	movf	MAX30102_ReadFIFO@red_value^0,w,c
  5457   007A5A  6ED9               	movwf	fsr2l,c
  5458   007A5C  6ADA               	clrf	fsr2h,c
  5459   007A5E  0EFF               	movlw	255
  5460   007A60  16DE               	andwf	postinc2,f,c
  5461   007A62  0EFF               	movlw	255
  5462   007A64  16DE               	andwf	postinc2,f,c
  5463   007A66  0E03               	movlw	3
  5464   007A68  16DE               	andwf	postinc2,f,c
  5465   007A6A  0E00               	movlw	0
  5466   007A6C  16DE               	andwf	postinc2,f,c
  5467   007A6E                     
  5468                           ;max30102.c: 206:     *ir_value &= 0x03FFFF;
  5469   007A6E  500E               	movf	MAX30102_ReadFIFO@ir_value^0,w,c
  5470   007A70  6ED9               	movwf	fsr2l,c
  5471   007A72  6ADA               	clrf	fsr2h,c
  5472   007A74  0EFF               	movlw	255
  5473   007A76  16DE               	andwf	postinc2,f,c
  5474   007A78  0EFF               	movlw	255
  5475   007A7A  16DE               	andwf	postinc2,f,c
  5476   007A7C  0E03               	movlw	3
  5477   007A7E  16DE               	andwf	postinc2,f,c
  5478   007A80  0E00               	movlw	0
  5479   007A82  16DE               	andwf	postinc2,f,c
  5480   007A84  0012               	return		;funcret
  5481   007A86                     __end_of_MAX30102_ReadFIFO:
  5482                           	callstack 0
  5483                           
  5484 ;; *************** function _MAX30102_ReadMulti *****************
  5485 ;; Defined at:
  5486 ;;		line 68 in file "max30102.c"
  5487 ;; Parameters:    Size  Location     Type
  5488 ;;  reg             1    wreg     unsigned char 
  5489 ;;  buffer          1    3[COMRAM] PTR unsigned char 
  5490 ;;		 -> MAX30102_ReadFIFO@data(6), 
  5491 ;;  length          1    4[COMRAM] unsigned char 
  5492 ;; Auto vars:     Size  Location     Type
  5493 ;;  reg             1   10[COMRAM] unsigned char 
  5494 ;;  i               1   11[COMRAM] unsigned char 
  5495 ;; Return value:  Size  Location     Type
  5496 ;;                  1    wreg      void 
  5497 ;; Registers used:
  5498 ;;		wreg, fsr2l, fsr2h, status,2, status,0, cstack
  5499 ;; Tracked objects:
  5500 ;;		On entry : 0/0
  5501 ;;		On exit  : 0/0
  5502 ;;		Unchanged: 0/0
  5503 ;; Data sizes:     COMRAM   BANK0   BANK1   BANK2   BANK3   BANK4   BANK5   BANK6   BANK7
  5504 ;;      Params:         2       0       0       0       0       0       0       0       0
  5505 ;;      Locals:         2       0       0       0       0       0       0       0       0
  5506 ;;      Temps:          5       0       0       0       0       0       0       0       0
  5507 ;;      Totals:         9       0       0       0       0       0       0       0       0
  5508 ;;Total ram usage:        9 bytes
  5509 ;; Hardware stack levels used: 1
  5510 ;; Hardware stack levels required when called: 1
  5511 ;; This function calls:
  5512 ;;		_I2C_Master_Read
  5513 ;;		_I2C_Master_RepeatedStart
  5514 ;;		_I2C_Master_Start
  5515 ;;		_I2C_Master_Stop
  5516 ;;		_I2C_Master_Write
  5517 ;; This function is called by:
  5518 ;;		_MAX30102_ReadFIFO
  5519 ;; This function uses a non-reentrant model
  5520 ;;
  5521                           
  5522                           	psect	text30
  5523   007382                     __ptext30:
  5524                           	callstack 0
  5525   007382                     _MAX30102_ReadMulti:
  5526                           	callstack 28
  5527                           
  5528                           ;incstack = 0
  5529                           ;MAX30102_ReadMulti@reg stored from wreg
  5530   007382  6E0B               	movwf	MAX30102_ReadMulti@reg^0,c
  5531   007384                     
  5532                           ;max30102.c: 68: static void MAX30102_ReadMulti(uint8_t reg, uint8_t *buffer, uint8_t le
      +                          ngth);max30102.c: 69: {;max30102.c: 70:     uint8_t i;;max30102.c: 72:     I2C_Master_St
      +                          art();
  5533   007384  EC09  F037         	call	_I2C_Master_Start	;wreg free
  5534                           
  5535                           ;max30102.c: 73:     I2C_Master_Write((0x57 << 1) | 0);
  5536   007388  0EAE               	movlw	174
  5537   00738A  EC37  F037         	call	_I2C_Master_Write
  5538                           
  5539                           ;max30102.c: 74:     I2C_Master_Write(reg);
  5540   00738E  500B               	movf	MAX30102_ReadMulti@reg^0,w,c
  5541   007390  EC37  F037         	call	_I2C_Master_Write
  5542                           
  5543                           ;max30102.c: 76:     I2C_Master_RepeatedStart();
  5544   007394  ECFE  F036         	call	_I2C_Master_RepeatedStart	;wreg free
  5545                           
  5546                           ;max30102.c: 77:     I2C_Master_Write((0x57 << 1) | 1);
  5547   007398  0EAF               	movlw	175
  5548   00739A  EC37  F037         	call	_I2C_Master_Write
  5549   00739E                     
  5550                           ;max30102.c: 79:     for (i = 0; i < length; i++)
  5551   00739E  6A0C               	clrf	MAX30102_ReadMulti@i^0,c
  5552   0073A0  EFFD  F039         	goto	l2106
  5553   0073A4                     l2098:
  5554                           
  5555                           ;max30102.c: 80:     {;max30102.c: 81:         if (i < (length - 1))
  5556   0073A4  0EFF               	movlw	255
  5557   0073A6  2405               	addwf	MAX30102_ReadMulti@length^0,w,c
  5558   0073A8  6E06               	movwf	??_MAX30102_ReadMulti^0,c
  5559   0073AA  6A07               	clrf	(??_MAX30102_ReadMulti+1)^0,c
  5560   0073AC  0EFF               	movlw	255
  5561   0073AE  2207               	addwfc	(??_MAX30102_ReadMulti+1)^0,f,c
  5562   0073B0  500C               	movf	MAX30102_ReadMulti@i^0,w,c
  5563   0073B2  6E08               	movwf	(??_MAX30102_ReadMulti+2)^0,c
  5564   0073B4  6A09               	clrf	(??_MAX30102_ReadMulti+3)^0,c
  5565   0073B6  5006               	movf	??_MAX30102_ReadMulti^0,w,c
  5566   0073B8  5C08               	subwf	(??_MAX30102_ReadMulti+2)^0,w,c
  5567   0073BA  5009               	movf	(??_MAX30102_ReadMulti+3)^0,w,c
  5568   0073BC  0A80               	xorlw	128
  5569   0073BE  6E0A               	movwf	(??_MAX30102_ReadMulti+4)^0,c
  5570   0073C0  5007               	movf	(??_MAX30102_ReadMulti+1)^0,w,c
  5571   0073C2  0A80               	xorlw	128
  5572   0073C4  580A               	subwfb	(??_MAX30102_ReadMulti+4)^0,w,c
  5573   0073C6  B0D8               	btfsc	status,0,c
  5574   0073C8  EFE8  F039         	goto	u941
  5575   0073CC  EFEA  F039         	goto	u940
  5576   0073D0                     u941:
  5577   0073D0  EFF4  F039         	goto	l2102
  5578   0073D4                     u940:
  5579   0073D4                     
  5580                           ;max30102.c: 82:         {;max30102.c: 83:             buffer[i] = I2C_Master_Read(1);
  5581   0073D4  5004               	movf	MAX30102_ReadMulti@buffer^0,w,c
  5582   0073D6  240C               	addwf	MAX30102_ReadMulti@i^0,w,c
  5583   0073D8  6ED9               	movwf	fsr2l,c
  5584   0073DA  6ADA               	clrf	fsr2h,c
  5585   0073DC  0E01               	movlw	1
  5586   0073DE  ECAF  F037         	call	_I2C_Master_Read
  5587   0073E2  6EDF               	movwf	indf2,c
  5588                           
  5589                           ;max30102.c: 84:         }
  5590   0073E4  EFFC  F039         	goto	l2104
  5591   0073E8                     l2102:
  5592                           
  5593                           ;max30102.c: 86:         {;max30102.c: 87:             buffer[i] = I2C_Master_Read(0);
  5594   0073E8  5004               	movf	MAX30102_ReadMulti@buffer^0,w,c
  5595   0073EA  240C               	addwf	MAX30102_ReadMulti@i^0,w,c
  5596   0073EC  6ED9               	movwf	fsr2l,c
  5597   0073EE  6ADA               	clrf	fsr2h,c
  5598   0073F0  0E00               	movlw	0
  5599   0073F2  ECAF  F037         	call	_I2C_Master_Read
  5600   0073F6  6EDF               	movwf	indf2,c
  5601   0073F8                     l2104:
  5602                           
  5603                           ;max30102.c: 89:     }
  5604   0073F8  2A0C               	incf	MAX30102_ReadMulti@i^0,f,c
  5605   0073FA                     l2106:
  5606   0073FA  5005               	movf	MAX30102_ReadMulti@length^0,w,c
  5607   0073FC  5C0C               	subwf	MAX30102_ReadMulti@i^0,w,c
  5608   0073FE  A0D8               	btfss	status,0,c
  5609   007400  EF04  F03A         	goto	u951
  5610   007404  EF06  F03A         	goto	u950
  5611   007408                     u951:
  5612   007408  EFD2  F039         	goto	l2098
  5613   00740C                     u950:
  5614   00740C                     
  5615                           ;max30102.c: 91:     I2C_Master_Stop();
  5616   00740C  EC14  F037         	call	_I2C_Master_Stop	;wreg free
  5617   007410  0012               	return		;funcret
  5618   007412                     __end_of_MAX30102_ReadMulti:
  5619                           	callstack 0
  5620                           
  5621 ;; *************** function _MAX30102_Init *****************
  5622 ;; Defined at:
  5623 ;;		line 105 in file "max30102.c"
  5624 ;; Parameters:    Size  Location     Type
  5625 ;;		None
  5626 ;; Auto vars:     Size  Location     Type
  5627 ;;  part_id         1    7[COMRAM] unsigned char 
  5628 ;; Return value:  Size  Location     Type
  5629 ;;                  1    wreg      unsigned char 
  5630 ;; Registers used:
  5631 ;;		wreg, status,2, status,0, cstack
  5632 ;; Tracked objects:
  5633 ;;		On entry : 0/0
  5634 ;;		On exit  : 0/0
  5635 ;;		Unchanged: 0/0
  5636 ;; Data sizes:     COMRAM   BANK0   BANK1   BANK2   BANK3   BANK4   BANK5   BANK6   BANK7
  5637 ;;      Params:         0       0       0       0       0       0       0       0       0
  5638 ;;      Locals:         1       0       0       0       0       0       0       0       0
  5639 ;;      Temps:          2       0       0       0       0       0       0       0       0
  5640 ;;      Totals:         3       0       0       0       0       0       0       0       0
  5641 ;;Total ram usage:        3 bytes
  5642 ;; Hardware stack levels used: 1
  5643 ;; Hardware stack levels required when called: 3
  5644 ;; This function calls:
  5645 ;;		_MAX30102_ReadRegister
  5646 ;;		_MAX30102_WriteRegister
  5647 ;; This function is called by:
  5648 ;;		_main
  5649 ;; This function uses a non-reentrant model
  5650 ;;
  5651                           
  5652                           	psect	text31
  5653   007412                     __ptext31:
  5654                           	callstack 0
  5655   007412                     _MAX30102_Init:
  5656                           	callstack 27
  5657   007412                     
  5658                           ;max30102.c: 107:     uint8_t part_id;;max30102.c: 113:     part_id = MAX30102_ReadRegis
      +                          ter(0xFF);
  5659   007412  0EFF               	movlw	255
  5660   007414  EC99  F037         	call	_MAX30102_ReadRegister
  5661   007418  6E08               	movwf	MAX30102_Init@part_id^0,c
  5662   00741A                     
  5663                           ;max30102.c: 115:     if (part_id != 0x15)
  5664   00741A  0E15               	movlw	21
  5665   00741C  1808               	xorwf	MAX30102_Init@part_id^0,w,c
  5666   00741E  B4D8               	btfsc	status,2,c
  5667   007420  EF14  F03A         	goto	u961
  5668   007424  EF16  F03A         	goto	u960
  5669   007428                     u961:
  5670   007428  EF19  F03A         	goto	l2158
  5671   00742C                     u960:
  5672   00742C                     
  5673                           ;max30102.c: 116:     {;max30102.c: 117:         return 0;
  5674   00742C  0E00               	movlw	0
  5675   00742E  EF59  F03A         	goto	l349
  5676   007432                     l2158:
  5677                           
  5678                           ;max30102.c: 123:     MAX30102_WriteRegister(0x09, 0x40);
  5679   007432  0E40               	movlw	64
  5680   007434  6E03               	movwf	MAX30102_WriteRegister@value^0,c
  5681   007436  0E09               	movlw	9
  5682   007438  EC46  F037         	call	_MAX30102_WriteRegister
  5683   00743C                     
  5684                           ;max30102.c: 124:     _delay((unsigned long)((100)*(8000000UL/4000.0)));
  5685   00743C  0E02               	movlw	2
  5686   00743E  6E07               	movwf	(??_MAX30102_Init+1)^0,c
  5687   007440  0E04               	movlw	4
  5688   007442  6E06               	movwf	??_MAX30102_Init^0,c
  5689   007444  0EBA               	movlw	186
  5690   007446                     u1077:
  5691   007446  2EE8               	decfsz	wreg,f,c
  5692   007448  D7FE               	bra	u1077
  5693   00744A  2E06               	decfsz	??_MAX30102_Init^0,f,c
  5694   00744C  D7FC               	bra	u1077
  5695   00744E  2E07               	decfsz	(??_MAX30102_Init+1)^0,f,c
  5696   007450  D7FA               	bra	u1077
  5697   007452  D000               	nop2	
  5698   007454                     
  5699                           ;max30102.c: 129:     MAX30102_WriteRegister(0x04, 0x00);
  5700   007454  0E00               	movlw	0
  5701   007456  6E03               	movwf	MAX30102_WriteRegister@value^0,c
  5702   007458  0E04               	movlw	4
  5703   00745A  EC46  F037         	call	_MAX30102_WriteRegister
  5704   00745E                     
  5705                           ;max30102.c: 130:     MAX30102_WriteRegister(0x05, 0x00);
  5706   00745E  0E00               	movlw	0
  5707   007460  6E03               	movwf	MAX30102_WriteRegister@value^0,c
  5708   007462  0E05               	movlw	5
  5709   007464  EC46  F037         	call	_MAX30102_WriteRegister
  5710   007468                     
  5711                           ;max30102.c: 131:     MAX30102_WriteRegister(0x06, 0x00);
  5712   007468  0E00               	movlw	0
  5713   00746A  6E03               	movwf	MAX30102_WriteRegister@value^0,c
  5714   00746C  0E06               	movlw	6
  5715   00746E  EC46  F037         	call	_MAX30102_WriteRegister
  5716   007472                     
  5717                           ;max30102.c: 139:     MAX30102_WriteRegister(0x08, 0x1F);
  5718   007472  0E1F               	movlw	31
  5719   007474  6E03               	movwf	MAX30102_WriteRegister@value^0,c
  5720   007476  0E08               	movlw	8
  5721   007478  EC46  F037         	call	_MAX30102_WriteRegister
  5722   00747C                     
  5723                           ;max30102.c: 145:     MAX30102_WriteRegister(0x09, 0x03);
  5724   00747C  0E03               	movlw	3
  5725   00747E  6E03               	movwf	MAX30102_WriteRegister@value^0,c
  5726   007480  0E09               	movlw	9
  5727   007482  EC46  F037         	call	_MAX30102_WriteRegister
  5728   007486                     
  5729                           ;max30102.c: 153:     MAX30102_WriteRegister(0x0A, 0x27);
  5730   007486  0E27               	movlw	39
  5731   007488  6E03               	movwf	MAX30102_WriteRegister@value^0,c
  5732   00748A  0E0A               	movlw	10
  5733   00748C  EC46  F037         	call	_MAX30102_WriteRegister
  5734   007490                     
  5735                           ;max30102.c: 160:     MAX30102_WriteRegister(0x0C, 0x24);
  5736   007490  0E24               	movlw	36
  5737   007492  6E03               	movwf	MAX30102_WriteRegister@value^0,c
  5738   007494  0E0C               	movlw	12
  5739   007496  EC46  F037         	call	_MAX30102_WriteRegister
  5740   00749A                     
  5741                           ;max30102.c: 161:     MAX30102_WriteRegister(0x0D, 0x24);
  5742   00749A  0E24               	movlw	36
  5743   00749C  6E03               	movwf	MAX30102_WriteRegister@value^0,c
  5744   00749E  0E0D               	movlw	13
  5745   0074A0  EC46  F037         	call	_MAX30102_WriteRegister
  5746   0074A4                     
  5747                           ;max30102.c: 166:     (void)MAX30102_ReadRegister(0x00);
  5748   0074A4  0E00               	movlw	0
  5749   0074A6  EC99  F037         	call	_MAX30102_ReadRegister
  5750   0074AA                     
  5751                           ;max30102.c: 167:     (void)MAX30102_ReadRegister(0x01);
  5752   0074AA  0E01               	movlw	1
  5753   0074AC  EC99  F037         	call	_MAX30102_ReadRegister
  5754   0074B0                     
  5755                           ;max30102.c: 169:     return 1;
  5756   0074B0  0E01               	movlw	1
  5757   0074B2                     l349:
  5758   0074B2  0012               	return		;funcret
  5759   0074B4                     __end_of_MAX30102_Init:
  5760                           	callstack 0
  5761                           
  5762 ;; *************** function _MAX30102_WriteRegister *****************
  5763 ;; Defined at:
  5764 ;;		line 27 in file "max30102.c"
  5765 ;; Parameters:    Size  Location     Type
  5766 ;;  reg             1    wreg     unsigned char 
  5767 ;;  value           1    2[COMRAM] unsigned char 
  5768 ;; Auto vars:     Size  Location     Type
  5769 ;;  reg             1    3[COMRAM] unsigned char 
  5770 ;; Return value:  Size  Location     Type
  5771 ;;                  1    wreg      void 
  5772 ;; Registers used:
  5773 ;;		wreg, status,2, status,0, cstack
  5774 ;; Tracked objects:
  5775 ;;		On entry : 0/0
  5776 ;;		On exit  : 0/0
  5777 ;;		Unchanged: 0/0
  5778 ;; Data sizes:     COMRAM   BANK0   BANK1   BANK2   BANK3   BANK4   BANK5   BANK6   BANK7
  5779 ;;      Params:         1       0       0       0       0       0       0       0       0
  5780 ;;      Locals:         1       0       0       0       0       0       0       0       0
  5781 ;;      Temps:          0       0       0       0       0       0       0       0       0
  5782 ;;      Totals:         2       0       0       0       0       0       0       0       0
  5783 ;;Total ram usage:        2 bytes
  5784 ;; Hardware stack levels used: 1
  5785 ;; Hardware stack levels required when called: 1
  5786 ;; This function calls:
  5787 ;;		_I2C_Master_Start
  5788 ;;		_I2C_Master_Stop
  5789 ;;		_I2C_Master_Write
  5790 ;; This function is called by:
  5791 ;;		_MAX30102_Init
  5792 ;; This function uses a non-reentrant model
  5793 ;;
  5794                           
  5795                           	psect	text32
  5796   006E8C                     __ptext32:
  5797                           	callstack 0
  5798   006E8C                     _MAX30102_WriteRegister:
  5799                           	callstack 28
  5800                           
  5801                           ;incstack = 0
  5802                           ;MAX30102_WriteRegister@reg stored from wreg
  5803   006E8C  6E04               	movwf	MAX30102_WriteRegister@reg^0,c
  5804   006E8E                     
  5805                           ;max30102.c: 27: static void MAX30102_WriteRegister(uint8_t reg, uint8_t value);max30102
      +                          .c: 28: {;max30102.c: 29:     I2C_Master_Start();
  5806   006E8E  EC09  F037         	call	_I2C_Master_Start	;wreg free
  5807                           
  5808                           ;max30102.c: 30:     I2C_Master_Write((0x57 << 1) | 0);
  5809   006E92  0EAE               	movlw	174
  5810   006E94  EC37  F037         	call	_I2C_Master_Write
  5811                           
  5812                           ;max30102.c: 31:     I2C_Master_Write(reg);
  5813   006E98  5004               	movf	MAX30102_WriteRegister@reg^0,w,c
  5814   006E9A  EC37  F037         	call	_I2C_Master_Write
  5815                           
  5816                           ;max30102.c: 32:     I2C_Master_Write(value);
  5817   006E9E  5003               	movf	MAX30102_WriteRegister@value^0,w,c
  5818   006EA0  EC37  F037         	call	_I2C_Master_Write
  5819                           
  5820                           ;max30102.c: 33:     I2C_Master_Stop();
  5821   006EA4  EC14  F037         	call	_I2C_Master_Stop	;wreg free
  5822   006EA8  0012               	return		;funcret
  5823   006EAA                     __end_of_MAX30102_WriteRegister:
  5824                           	callstack 0
  5825                           
  5826 ;; *************** function _MAX30102_ReadRegister *****************
  5827 ;; Defined at:
  5828 ;;		line 40 in file "max30102.c"
  5829 ;; Parameters:    Size  Location     Type
  5830 ;;  reg             1    wreg     unsigned char 
  5831 ;; Auto vars:     Size  Location     Type
  5832 ;;  reg             1    3[COMRAM] unsigned char 
  5833 ;;  value           1    4[COMRAM] unsigned char 
  5834 ;; Return value:  Size  Location     Type
  5835 ;;                  1    wreg      unsigned char 
  5836 ;; Registers used:
  5837 ;;		wreg, status,2, status,0, cstack
  5838 ;; Tracked objects:
  5839 ;;		On entry : 0/0
  5840 ;;		On exit  : 0/0
  5841 ;;		Unchanged: 0/0
  5842 ;; Data sizes:     COMRAM   BANK0   BANK1   BANK2   BANK3   BANK4   BANK5   BANK6   BANK7
  5843 ;;      Params:         0       0       0       0       0       0       0       0       0
  5844 ;;      Locals:         2       0       0       0       0       0       0       0       0
  5845 ;;      Temps:          0       0       0       0       0       0       0       0       0
  5846 ;;      Totals:         2       0       0       0       0       0       0       0       0
  5847 ;;Total ram usage:        2 bytes
  5848 ;; Hardware stack levels used: 1
  5849 ;; Hardware stack levels required when called: 2
  5850 ;; This function calls:
  5851 ;;		_I2C_Master_Read
  5852 ;;		_I2C_Master_RepeatedStart
  5853 ;;		_I2C_Master_Start
  5854 ;;		_I2C_Master_Stop
  5855 ;;		_I2C_Master_Write
  5856 ;; This function is called by:
  5857 ;;		_MAX30102_Init
  5858 ;; This function uses a non-reentrant model
  5859 ;;
  5860                           
  5861                           	psect	text33
  5862   006F32                     __ptext33:
  5863                           	callstack 0
  5864   006F32                     _MAX30102_ReadRegister:
  5865                           	callstack 27
  5866                           
  5867                           ;incstack = 0
  5868                           ;MAX30102_ReadRegister@reg stored from wreg
  5869   006F32  6E04               	movwf	MAX30102_ReadRegister@reg^0,c
  5870   006F34                     
  5871                           ;max30102.c: 40: static uint8_t MAX30102_ReadRegister(uint8_t reg);max30102.c: 41: {;max
      +                          30102.c: 42:     uint8_t value;;max30102.c: 44:     I2C_Master_Start();
  5872   006F34  EC09  F037         	call	_I2C_Master_Start	;wreg free
  5873                           
  5874                           ;max30102.c: 45:     I2C_Master_Write((0x57 << 1) | 0);
  5875   006F38  0EAE               	movlw	174
  5876   006F3A  EC37  F037         	call	_I2C_Master_Write
  5877                           
  5878                           ;max30102.c: 46:     I2C_Master_Write(reg);
  5879   006F3E  5004               	movf	MAX30102_ReadRegister@reg^0,w,c
  5880   006F40  EC37  F037         	call	_I2C_Master_Write
  5881                           
  5882                           ;max30102.c: 48:     I2C_Master_RepeatedStart();
  5883   006F44  ECFE  F036         	call	_I2C_Master_RepeatedStart	;wreg free
  5884                           
  5885                           ;max30102.c: 49:     I2C_Master_Write((0x57 << 1) | 1);
  5886   006F48  0EAF               	movlw	175
  5887   006F4A  EC37  F037         	call	_I2C_Master_Write
  5888                           
  5889                           ;max30102.c: 51:     value = I2C_Master_Read(0);
  5890   006F4E  0E00               	movlw	0
  5891   006F50  ECAF  F037         	call	_I2C_Master_Read
  5892   006F54  6E05               	movwf	MAX30102_ReadRegister@value^0,c
  5893                           
  5894                           ;max30102.c: 53:     I2C_Master_Stop();
  5895   006F56  EC14  F037         	call	_I2C_Master_Stop	;wreg free
  5896   006F5A                     
  5897                           ;max30102.c: 55:     return value;
  5898   006F5A  5005               	movf	MAX30102_ReadRegister@value^0,w,c
  5899   006F5C  0012               	return		;funcret
  5900   006F5E                     __end_of_MAX30102_ReadRegister:
  5901                           	callstack 0
  5902                           
  5903 ;; *************** function _I2C_Master_Write *****************
  5904 ;; Defined at:
  5905 ;;		line 88 in file "i2c_master.c"
  5906 ;; Parameters:    Size  Location     Type
  5907 ;;  data            1    wreg     unsigned char 
  5908 ;; Auto vars:     Size  Location     Type
  5909 ;;  data            1    1[COMRAM] unsigned char 
  5910 ;; Return value:  Size  Location     Type
  5911 ;;                  1    wreg      unsigned char 
  5912 ;; Registers used:
  5913 ;;		wreg, status,2, status,0, cstack
  5914 ;; Tracked objects:
  5915 ;;		On entry : 0/0
  5916 ;;		On exit  : 0/0
  5917 ;;		Unchanged: 0/0
  5918 ;; Data sizes:     COMRAM   BANK0   BANK1   BANK2   BANK3   BANK4   BANK5   BANK6   BANK7
  5919 ;;      Params:         0       0       0       0       0       0       0       0       0
  5920 ;;      Locals:         1       0       0       0       0       0       0       0       0
  5921 ;;      Temps:          0       0       0       0       0       0       0       0       0
  5922 ;;      Totals:         1       0       0       0       0       0       0       0       0
  5923 ;;Total ram usage:        1 bytes
  5924 ;; Hardware stack levels used: 1
  5925 ;; This function calls:
  5926 ;;		_I2C_Master_Wait
  5927 ;; This function is called by:
  5928 ;;		_SSD1306_Command
  5929 ;;		_SSD1306_StartData
  5930 ;;		_SSD1306_Data
  5931 ;;		_MAX30102_WriteRegister
  5932 ;;		_MAX30102_ReadRegister
  5933 ;;		_MAX30102_ReadMulti
  5934 ;; This function uses a non-reentrant model
  5935 ;;
  5936                           
  5937                           	psect	text34
  5938   006E6E                     __ptext34:
  5939                           	callstack 0
  5940   006E6E                     _I2C_Master_Write:
  5941                           	callstack 25
  5942                           
  5943                           ;incstack = 0
  5944                           ;I2C_Master_Write@data stored from wreg
  5945   006E6E  6E02               	movwf	I2C_Master_Write@data^0,c
  5946   006E70                     
  5947                           ;i2c_master.c: 88: uint8_t I2C_Master_Write(uint8_t data);i2c_master.c: 89: {;i2c_master
      +                          .c: 90:     I2C_Master_Wait();
  5948   006E70  EC73  F037         	call	_I2C_Master_Wait	;wreg free
  5949   006E74                     
  5950                           ;i2c_master.c: 92:     SSPBUF = data;
  5951   006E74  C002  FFC9         	movff	I2C_Master_Write@data,4041	;volatile
  5952   006E78                     l188:
  5953                           
  5954                           ;i2c_master.c: 94:     while (!PIR1bits.SSPIF)
  5955   006E78  A69E               	btfss	158,3,c	;volatile
  5956   006E7A  EF41  F037         	goto	u51
  5957   006E7E  EF43  F037         	goto	u50
  5958   006E82                     u51:
  5959   006E82  EF3C  F037         	goto	l188
  5960   006E86                     u50:
  5961   006E86                     
  5962                           ;i2c_master.c: 99:     PIR1bits.SSPIF = 0;
  5963   006E86  969E               	bcf	158,3,c	;volatile
  5964   006E88                     
  5965                           ;i2c_master.c: 106:     return SSPCON2bits.ACKSTAT;;	Return value of _I2C_Master_Write i
      +                          s never used
  5966   006E88  50C5               	movf	197,w,c	;volatile
  5967   006E8A  0012               	return		;funcret
  5968   006E8C                     __end_of_I2C_Master_Write:
  5969                           	callstack 0
  5970                           
  5971 ;; *************** function _I2C_Master_Stop *****************
  5972 ;; Defined at:
  5973 ;;		line 77 in file "i2c_master.c"
  5974 ;; Parameters:    Size  Location     Type
  5975 ;;		None
  5976 ;; Auto vars:     Size  Location     Type
  5977 ;;		None
  5978 ;; Return value:  Size  Location     Type
  5979 ;;                  1    wreg      void 
  5980 ;; Registers used:
  5981 ;;		wreg, status,2, status,0, cstack
  5982 ;; Tracked objects:
  5983 ;;		On entry : 0/0
  5984 ;;		On exit  : 0/0
  5985 ;;		Unchanged: 0/0
  5986 ;; Data sizes:     COMRAM   BANK0   BANK1   BANK2   BANK3   BANK4   BANK5   BANK6   BANK7
  5987 ;;      Params:         0       0       0       0       0       0       0       0       0
  5988 ;;      Locals:         0       0       0       0       0       0       0       0       0
  5989 ;;      Temps:          0       0       0       0       0       0       0       0       0
  5990 ;;      Totals:         0       0       0       0       0       0       0       0       0
  5991 ;;Total ram usage:        0 bytes
  5992 ;; Hardware stack levels used: 1
  5993 ;; This function calls:
  5994 ;;		_I2C_Master_Wait
  5995 ;; This function is called by:
  5996 ;;		_SSD1306_Command
  5997 ;;		_SSD1306_StopData
  5998 ;;		_MAX30102_WriteRegister
  5999 ;;		_MAX30102_ReadRegister
  6000 ;;		_MAX30102_ReadMulti
  6001 ;; This function uses a non-reentrant model
  6002 ;;
  6003                           
  6004                           	psect	text35
  6005   006E28                     __ptext35:
  6006                           	callstack 0
  6007   006E28                     _I2C_Master_Stop:
  6008                           	callstack 25
  6009   006E28                     
  6010                           ;i2c_master.c: 79:     I2C_Master_Wait();
  6011   006E28  EC73  F037         	call	_I2C_Master_Wait	;wreg free
  6012   006E2C                     
  6013                           ;i2c_master.c: 80:     SSPCON2bits.PEN = 1;
  6014   006E2C  84C5               	bsf	197,2,c	;volatile
  6015   006E2E                     l182:
  6016                           
  6017                           ;i2c_master.c: 82:     while (SSPCON2bits.PEN)
  6018   006E2E  B4C5               	btfsc	197,2,c	;volatile
  6019   006E30  EF1C  F037         	goto	u41
  6020   006E34  EF1E  F037         	goto	u40
  6021   006E38                     u41:
  6022   006E38  EF17  F037         	goto	l182
  6023   006E3C                     u40:
  6024   006E3C  0012               	return		;funcret
  6025   006E3E                     __end_of_I2C_Master_Stop:
  6026                           	callstack 0
  6027                           
  6028 ;; *************** function _I2C_Master_Start *****************
  6029 ;; Defined at:
  6030 ;;		line 55 in file "i2c_master.c"
  6031 ;; Parameters:    Size  Location     Type
  6032 ;;		None
  6033 ;; Auto vars:     Size  Location     Type
  6034 ;;		None
  6035 ;; Return value:  Size  Location     Type
  6036 ;;                  1    wreg      void 
  6037 ;; Registers used:
  6038 ;;		wreg, status,2, status,0, cstack
  6039 ;; Tracked objects:
  6040 ;;		On entry : 0/0
  6041 ;;		On exit  : 0/0
  6042 ;;		Unchanged: 0/0
  6043 ;; Data sizes:     COMRAM   BANK0   BANK1   BANK2   BANK3   BANK4   BANK5   BANK6   BANK7
  6044 ;;      Params:         0       0       0       0       0       0       0       0       0
  6045 ;;      Locals:         0       0       0       0       0       0       0       0       0
  6046 ;;      Temps:          0       0       0       0       0       0       0       0       0
  6047 ;;      Totals:         0       0       0       0       0       0       0       0       0
  6048 ;;Total ram usage:        0 bytes
  6049 ;; Hardware stack levels used: 1
  6050 ;; This function calls:
  6051 ;;		_I2C_Master_Wait
  6052 ;; This function is called by:
  6053 ;;		_SSD1306_Command
  6054 ;;		_SSD1306_StartData
  6055 ;;		_MAX30102_WriteRegister
  6056 ;;		_MAX30102_ReadRegister
  6057 ;;		_MAX30102_ReadMulti
  6058 ;; This function uses a non-reentrant model
  6059 ;;
  6060                           
  6061                           	psect	text36
  6062   006E12                     __ptext36:
  6063                           	callstack 0
  6064   006E12                     _I2C_Master_Start:
  6065                           	callstack 25
  6066   006E12                     
  6067                           ;i2c_master.c: 57:     I2C_Master_Wait();
  6068   006E12  EC73  F037         	call	_I2C_Master_Wait	;wreg free
  6069   006E16                     
  6070                           ;i2c_master.c: 58:     SSPCON2bits.SEN = 1;
  6071   006E16  80C5               	bsf	197,0,c	;volatile
  6072   006E18                     l170:
  6073                           
  6074                           ;i2c_master.c: 60:     while (SSPCON2bits.SEN)
  6075   006E18  B0C5               	btfsc	197,0,c	;volatile
  6076   006E1A  EF11  F037         	goto	u31
  6077   006E1E  EF13  F037         	goto	u30
  6078   006E22                     u31:
  6079   006E22  EF0C  F037         	goto	l170
  6080   006E26                     u30:
  6081   006E26  0012               	return		;funcret
  6082   006E28                     __end_of_I2C_Master_Start:
  6083                           	callstack 0
  6084                           
  6085 ;; *************** function _I2C_Master_RepeatedStart *****************
  6086 ;; Defined at:
  6087 ;;		line 66 in file "i2c_master.c"
  6088 ;; Parameters:    Size  Location     Type
  6089 ;;		None
  6090 ;; Auto vars:     Size  Location     Type
  6091 ;;		None
  6092 ;; Return value:  Size  Location     Type
  6093 ;;                  1    wreg      void 
  6094 ;; Registers used:
  6095 ;;		wreg, status,2, status,0, cstack
  6096 ;; Tracked objects:
  6097 ;;		On entry : 0/0
  6098 ;;		On exit  : 0/0
  6099 ;;		Unchanged: 0/0
  6100 ;; Data sizes:     COMRAM   BANK0   BANK1   BANK2   BANK3   BANK4   BANK5   BANK6   BANK7
  6101 ;;      Params:         0       0       0       0       0       0       0       0       0
  6102 ;;      Locals:         0       0       0       0       0       0       0       0       0
  6103 ;;      Temps:          0       0       0       0       0       0       0       0       0
  6104 ;;      Totals:         0       0       0       0       0       0       0       0       0
  6105 ;;Total ram usage:        0 bytes
  6106 ;; Hardware stack levels used: 1
  6107 ;; This function calls:
  6108 ;;		_I2C_Master_Wait
  6109 ;; This function is called by:
  6110 ;;		_MAX30102_ReadRegister
  6111 ;;		_MAX30102_ReadMulti
  6112 ;; This function uses a non-reentrant model
  6113 ;;
  6114                           
  6115                           	psect	text37
  6116   006DFC                     __ptext37:
  6117                           	callstack 0
  6118   006DFC                     _I2C_Master_RepeatedStart:
  6119                           	callstack 28
  6120   006DFC                     
  6121                           ;i2c_master.c: 68:     I2C_Master_Wait();
  6122   006DFC  EC73  F037         	call	_I2C_Master_Wait	;wreg free
  6123   006E00                     
  6124                           ;i2c_master.c: 69:     SSPCON2bits.RSEN = 1;
  6125   006E00  82C5               	bsf	197,1,c	;volatile
  6126   006E02                     l176:
  6127                           
  6128                           ;i2c_master.c: 71:     while (SSPCON2bits.RSEN)
  6129   006E02  B2C5               	btfsc	197,1,c	;volatile
  6130   006E04  EF06  F037         	goto	u141
  6131   006E08  EF08  F037         	goto	u140
  6132   006E0C                     u141:
  6133   006E0C  EF01  F037         	goto	l176
  6134   006E10                     u140:
  6135   006E10  0012               	return		;funcret
  6136   006E12                     __end_of_I2C_Master_RepeatedStart:
  6137                           	callstack 0
  6138                           
  6139 ;; *************** function _I2C_Master_Read *****************
  6140 ;; Defined at:
  6141 ;;		line 109 in file "i2c_master.c"
  6142 ;; Parameters:    Size  Location     Type
  6143 ;;  ack             1    wreg     unsigned char 
  6144 ;; Auto vars:     Size  Location     Type
  6145 ;;  ack             1    1[COMRAM] unsigned char 
  6146 ;;  data            1    2[COMRAM] unsigned char 
  6147 ;; Return value:  Size  Location     Type
  6148 ;;                  1    wreg      unsigned char 
  6149 ;; Registers used:
  6150 ;;		wreg, status,2, status,0, cstack
  6151 ;; Tracked objects:
  6152 ;;		On entry : 0/0
  6153 ;;		On exit  : 0/0
  6154 ;;		Unchanged: 0/0
  6155 ;; Data sizes:     COMRAM   BANK0   BANK1   BANK2   BANK3   BANK4   BANK5   BANK6   BANK7
  6156 ;;      Params:         0       0       0       0       0       0       0       0       0
  6157 ;;      Locals:         2       0       0       0       0       0       0       0       0
  6158 ;;      Temps:          0       0       0       0       0       0       0       0       0
  6159 ;;      Totals:         2       0       0       0       0       0       0       0       0
  6160 ;;Total ram usage:        2 bytes
  6161 ;; Hardware stack levels used: 1
  6162 ;; This function calls:
  6163 ;;		_I2C_Master_Wait
  6164 ;; This function is called by:
  6165 ;;		_MAX30102_ReadRegister
  6166 ;;		_MAX30102_ReadMulti
  6167 ;; This function uses a non-reentrant model
  6168 ;;
  6169                           
  6170                           	psect	text38
  6171   006F5E                     __ptext38:
  6172                           	callstack 0
  6173   006F5E                     _I2C_Master_Read:
  6174                           	callstack 28
  6175                           
  6176                           ;incstack = 0
  6177                           ;I2C_Master_Read@ack stored from wreg
  6178   006F5E  6E02               	movwf	I2C_Master_Read@ack^0,c
  6179   006F60                     
  6180                           ;i2c_master.c: 109: uint8_t I2C_Master_Read(uint8_t ack);i2c_master.c: 110: {;i2c_master
      +                          .c: 111:     uint8_t data;;i2c_master.c: 113:     I2C_Master_Wait();
  6181   006F60  EC73  F037         	call	_I2C_Master_Wait	;wreg free
  6182   006F64                     
  6183                           ;i2c_master.c: 115:     SSPCON2bits.RCEN = 1;
  6184   006F64  86C5               	bsf	197,3,c	;volatile
  6185   006F66                     l194:
  6186                           
  6187                           ;i2c_master.c: 117:     while (!SSPSTATbits.BF)
  6188   006F66  A0C7               	btfss	199,0,c	;volatile
  6189   006F68  EFB8  F037         	goto	u151
  6190   006F6C  EFBA  F037         	goto	u150
  6191   006F70                     u151:
  6192   006F70  EFB3  F037         	goto	l194
  6193   006F74                     u150:
  6194   006F74                     
  6195                           ;i2c_master.c: 122:     data = SSPBUF;
  6196   006F74  CFC9 F003          	movff	4041,I2C_Master_Read@data	;volatile
  6197   006F78                     
  6198                           ;i2c_master.c: 124:     I2C_Master_Wait();
  6199   006F78  EC73  F037         	call	_I2C_Master_Wait	;wreg free
  6200   006F7C                     
  6201                           ;i2c_master.c: 126:     if (ack)
  6202   006F7C  5002               	movf	I2C_Master_Read@ack^0,w,c
  6203   006F7E  B4D8               	btfsc	status,2,c
  6204   006F80  EFC4  F037         	goto	u161
  6205   006F84  EFC6  F037         	goto	u160
  6206   006F88                     u161:
  6207   006F88  EFC9  F037         	goto	l197
  6208   006F8C                     u160:
  6209   006F8C                     
  6210                           ;i2c_master.c: 127:     {;i2c_master.c: 128:         SSPCON2bits.ACKDT = 0;
  6211   006F8C  9AC5               	bcf	197,5,c	;volatile
  6212                           
  6213                           ;i2c_master.c: 129:     }
  6214   006F8E  EFCA  F037         	goto	l198
  6215   006F92                     l197:
  6216                           
  6217                           ;i2c_master.c: 131:     {;i2c_master.c: 132:         SSPCON2bits.ACKDT = 1;
  6218   006F92  8AC5               	bsf	197,5,c	;volatile
  6219   006F94                     l198:
  6220                           
  6221                           ;i2c_master.c: 135:     SSPCON2bits.ACKEN = 1;
  6222   006F94  88C5               	bsf	197,4,c	;volatile
  6223   006F96                     l199:
  6224                           
  6225                           ;i2c_master.c: 137:     while (SSPCON2bits.ACKEN)
  6226   006F96  B8C5               	btfsc	197,4,c	;volatile
  6227   006F98  EFD0  F037         	goto	u171
  6228   006F9C  EFD2  F037         	goto	u170
  6229   006FA0                     u171:
  6230   006FA0  EFCB  F037         	goto	l199
  6231   006FA4                     u170:
  6232   006FA4                     
  6233                           ;i2c_master.c: 142:     return data;
  6234   006FA4  5003               	movf	I2C_Master_Read@data^0,w,c
  6235   006FA6  0012               	return		;funcret
  6236   006FA8                     __end_of_I2C_Master_Read:
  6237                           	callstack 0
  6238                           
  6239 ;; *************** function _I2C_Master_Wait *****************
  6240 ;; Defined at:
  6241 ;;		line 12 in file "i2c_master.c"
  6242 ;; Parameters:    Size  Location     Type
  6243 ;;		None
  6244 ;; Auto vars:     Size  Location     Type
  6245 ;;		None
  6246 ;; Return value:  Size  Location     Type
  6247 ;;                  1    wreg      void 
  6248 ;; Registers used:
  6249 ;;		wreg, status,2, status,0
  6250 ;; Tracked objects:
  6251 ;;		On entry : 0/0
  6252 ;;		On exit  : 0/0
  6253 ;;		Unchanged: 0/0
  6254 ;; Data sizes:     COMRAM   BANK0   BANK1   BANK2   BANK3   BANK4   BANK5   BANK6   BANK7
  6255 ;;      Params:         0       0       0       0       0       0       0       0       0
  6256 ;;      Locals:         0       0       0       0       0       0       0       0       0
  6257 ;;      Temps:          1       0       0       0       0       0       0       0       0
  6258 ;;      Totals:         1       0       0       0       0       0       0       0       0
  6259 ;;Total ram usage:        1 bytes
  6260 ;; Hardware stack levels used: 1
  6261 ;; This function calls:
  6262 ;;		Nothing
  6263 ;; This function is called by:
  6264 ;;		_I2C_Master_Start
  6265 ;;		_I2C_Master_RepeatedStart
  6266 ;;		_I2C_Master_Stop
  6267 ;;		_I2C_Master_Write
  6268 ;;		_I2C_Master_Read
  6269 ;; This function uses a non-reentrant model
  6270 ;;
  6271                           
  6272                           	psect	text39
  6273   006EE6                     __ptext39:
  6274                           	callstack 0
  6275   006EE6                     _I2C_Master_Wait:
  6276                           	callstack 24
  6277   006EE6                     l1140:
  6278                           
  6279                           ;i2c_master.c: 14:     while ((SSPCON2 & 0x1F) || (SSPSTAT & 0x04))
  6280   006EE6  CFC5 F001          	movff	4037,??_I2C_Master_Wait	;volatile
  6281   006EEA  0E1F               	movlw	31
  6282   006EEC  1601               	andwf	??_I2C_Master_Wait^0,f,c
  6283   006EEE  A4D8               	btfss	status,2,c
  6284   006EF0  EF7C  F037         	goto	u11
  6285   006EF4  EF7E  F037         	goto	u10
  6286   006EF8                     u11:
  6287   006EF8  EF73  F037         	goto	l1140
  6288   006EFC                     u10:
  6289   006EFC  B4C7               	btfsc	199,2,c	;volatile
  6290   006EFE  EF83  F037         	goto	u21
  6291   006F02  EF85  F037         	goto	u20
  6292   006F06                     u21:
  6293   006F06  EF73  F037         	goto	l1140
  6294   006F0A                     u20:
  6295   006F0A  0012               	return		;funcret
  6296   006F0C                     __end_of_I2C_Master_Wait:
  6297                           	callstack 0
  6298                           
  6299 ;; *************** function _LED_Wait_Off *****************
  6300 ;; Defined at:
  6301 ;;		line 284 in file "main.c"
  6302 ;; Parameters:    Size  Location     Type
  6303 ;;		None
  6304 ;; Auto vars:     Size  Location     Type
  6305 ;;		None
  6306 ;; Return value:  Size  Location     Type
  6307 ;;                  1    wreg      void 
  6308 ;; Registers used:
  6309 ;;		None
  6310 ;; Tracked objects:
  6311 ;;		On entry : 0/0
  6312 ;;		On exit  : 0/0
  6313 ;;		Unchanged: 0/0
  6314 ;; Data sizes:     COMRAM   BANK0   BANK1   BANK2   BANK3   BANK4   BANK5   BANK6   BANK7
  6315 ;;      Params:         0       0       0       0       0       0       0       0       0
  6316 ;;      Locals:         0       0       0       0       0       0       0       0       0
  6317 ;;      Temps:          0       0       0       0       0       0       0       0       0
  6318 ;;      Totals:         0       0       0       0       0       0       0       0       0
  6319 ;;Total ram usage:        0 bytes
  6320 ;; Hardware stack levels used: 1
  6321 ;; This function calls:
  6322 ;;		Nothing
  6323 ;; This function is called by:
  6324 ;;		_main
  6325 ;; This function uses a non-reentrant model
  6326 ;;
  6327                           
  6328                           	psect	text40
  6329   006DAE                     __ptext40:
  6330                           	callstack 0
  6331   006DAE                     _LED_Wait_Off:
  6332                           	callstack 30
  6333   006DAE                     
  6334                           ;main.c: 286:     LATDbits.LATD2 = 0;
  6335   006DAE  948C               	bcf	140,2,c	;volatile
  6336   006DB0  0012               	return		;funcret
  6337   006DB2                     __end_of_LED_Wait_Off:
  6338                           	callstack 0
  6339                           
  6340 ;; *************** function _LED_Status_On *****************
  6341 ;; Defined at:
  6342 ;;		line 269 in file "main.c"
  6343 ;; Parameters:    Size  Location     Type
  6344 ;;		None
  6345 ;; Auto vars:     Size  Location     Type
  6346 ;;		None
  6347 ;; Return value:  Size  Location     Type
  6348 ;;                  1    wreg      void 
  6349 ;; Registers used:
  6350 ;;		None
  6351 ;; Tracked objects:
  6352 ;;		On entry : 0/0
  6353 ;;		On exit  : 0/0
  6354 ;;		Unchanged: 0/0
  6355 ;; Data sizes:     COMRAM   BANK0   BANK1   BANK2   BANK3   BANK4   BANK5   BANK6   BANK7
  6356 ;;      Params:         0       0       0       0       0       0       0       0       0
  6357 ;;      Locals:         0       0       0       0       0       0       0       0       0
  6358 ;;      Temps:          0       0       0       0       0       0       0       0       0
  6359 ;;      Totals:         0       0       0       0       0       0       0       0       0
  6360 ;;Total ram usage:        0 bytes
  6361 ;; Hardware stack levels used: 1
  6362 ;; This function calls:
  6363 ;;		Nothing
  6364 ;; This function is called by:
  6365 ;;		_main
  6366 ;; This function uses a non-reentrant model
  6367 ;;
  6368                           
  6369                           	psect	text41
  6370   006DAA                     __ptext41:
  6371                           	callstack 0
  6372   006DAA                     _LED_Status_On:
  6373                           	callstack 30
  6374   006DAA                     
  6375                           ;main.c: 271:     LATDbits.LATD1 = 1;
  6376   006DAA  828C               	bsf	140,1,c	;volatile
  6377   006DAC  0012               	return		;funcret
  6378   006DAE                     __end_of_LED_Status_On:
  6379                           	callstack 0
  6380                           
  6381                           	psect	rparam
  6382   000001                     ___rparam_used  equ	1
  6383   000000                     ___param_bank   equ	0
  6384   000000                     __Lparam        equ	__Lrparam
  6385   000000                     __Hparam        equ	__Hrparam
  6386                           
  6387                           	psect	config
  6388                           
  6389                           ;Config register CONFIG1L @ 0x300000
  6390                           ;	PLL Prescaler Selection bits
  6391                           ;	PLLDIV = 1, No prescale (4 MHz oscillator input drives PLL directly)
  6392                           ;	System Clock Postscaler Selection bits
  6393                           ;	CPUDIV = OSC1_PLL2, [Primary Oscillator Src: /1][96 MHz PLL Src: /2]
  6394                           ;	USB Clock Selection bit (used in Full-Speed USB mode only; UCFG:FSEN = 1)
  6395                           ;	USBDIV = 1, USB clock source comes directly from the primary oscillator block with no 
      +                          postscale
  6396   300000                     	org	3145728
  6397   300000  00                 	db	0
  6398                           
  6399                           ;Config register CONFIG1H @ 0x300001
  6400                           ;	Oscillator Selection bits
  6401                           ;	FOSC = INTOSCIO_EC, Internal oscillator, port function on RA6, EC used by USB (INTIO)
  6402                           ;	Fail-Safe Clock Monitor Enable bit
  6403                           ;	FCMEN = OFF, Fail-Safe Clock Monitor disabled
  6404                           ;	Internal/External Oscillator Switchover bit
  6405                           ;	IESO = OFF, Oscillator Switchover mode disabled
  6406   300001                     	org	3145729
  6407   300001  08                 	db	8
  6408                           
  6409                           ;Config register CONFIG2L @ 0x300002
  6410                           ;	Power-up Timer Enable bit
  6411                           ;	PWRT = ON, PWRT enabled
  6412                           ;	Brown-out Reset Enable bits
  6413                           ;	BOR = OFF, Brown-out Reset disabled in hardware and software
  6414                           ;	Brown-out Reset Voltage bits
  6415                           ;	BORV = 3, Minimum setting 2.05V
  6416                           ;	USB Voltage Regulator Enable bit
  6417                           ;	VREGEN = OFF, USB voltage regulator disabled
  6418   300002                     	org	3145730
  6419   300002  18                 	db	24
  6420                           
  6421                           ;Config register CONFIG2H @ 0x300003
  6422                           ;	Watchdog Timer Enable bit
  6423                           ;	WDT = OFF, WDT disabled (control is placed on the SWDTEN bit)
  6424                           ;	Watchdog Timer Postscale Select bits
  6425                           ;	WDTPS = 32768, 1:32768
  6426   300003                     	org	3145731
  6427   300003  1E                 	db	30
  6428                           
  6429                           ; Padding undefined space
  6430   300004                     	org	3145732
  6431   300004  FF                 	db	255
  6432                           
  6433                           ;Config register CONFIG3H @ 0x300005
  6434                           ;	CCP2 MUX bit
  6435                           ;	CCP2MX = ON, CCP2 input/output is multiplexed with RC1
  6436                           ;	PORTB A/D Enable bit
  6437                           ;	PBADEN = OFF, PORTB<4:0> pins are configured as digital I/O on Reset
  6438                           ;	Low-Power Timer 1 Oscillator Enable bit
  6439                           ;	LPT1OSC = OFF, Timer1 configured for higher power operation
  6440                           ;	MCLR Pin Enable bit
  6441                           ;	MCLRE = ON, MCLR pin enabled; RE3 input pin disabled
  6442   300005                     	org	3145733
  6443   300005  81                 	db	129
  6444                           
  6445                           ;Config register CONFIG4L @ 0x300006
  6446                           ;	Stack Full/Underflow Reset Enable bit
  6447                           ;	STVREN = ON, Stack full/underflow will cause Reset
  6448                           ;	Single-Supply ICSP Enable bit
  6449                           ;	LVP = OFF, Single-Supply ICSP disabled
  6450                           ;	Dedicated In-Circuit Debug/Programming Port (ICPORT) Enable bit
  6451                           ;	ICPRT = OFF, ICPORT disabled
  6452                           ;	Extended Instruction Set Enable bit
  6453                           ;	XINST = OFF, Instruction set extension and Indexed Addressing mode disabled (Legacy mo
      +                          de)
  6454                           ;	Background Debugger Enable bit
  6455                           ;	DEBUG = 0x1, unprogrammed default
  6456   300006                     	org	3145734
  6457   300006  81                 	db	129
  6458                           
  6459                           ; Padding undefined space
  6460   300007                     	org	3145735
  6461   300007  FF                 	db	255
  6462                           
  6463                           ;Config register CONFIG5L @ 0x300008
  6464                           ;	Code Protection bit
  6465                           ;	CP0 = OFF, Block 0 (000800-001FFFh) is not code-protected
  6466                           ;	Code Protection bit
  6467                           ;	CP1 = OFF, Block 1 (002000-003FFFh) is not code-protected
  6468                           ;	Code Protection bit
  6469                           ;	CP2 = OFF, Block 2 (004000-005FFFh) is not code-protected
  6470                           ;	Code Protection bit
  6471                           ;	CP3 = OFF, Block 3 (006000-007FFFh) is not code-protected
  6472   300008                     	org	3145736
  6473   300008  0F                 	db	15
  6474                           
  6475                           ;Config register CONFIG5H @ 0x300009
  6476                           ;	Boot Block Code Protection bit
  6477                           ;	CPB = OFF, Boot block (000000-0007FFh) is not code-protected
  6478                           ;	Data EEPROM Code Protection bit
  6479                           ;	CPD = OFF, Data EEPROM is not code-protected
  6480   300009                     	org	3145737
  6481   300009  C0                 	db	192
  6482                           
  6483                           ;Config register CONFIG6L @ 0x30000A
  6484                           ;	Write Protection bit
  6485                           ;	WRT0 = OFF, Block 0 (000800-001FFFh) is not write-protected
  6486                           ;	Write Protection bit
  6487                           ;	WRT1 = OFF, Block 1 (002000-003FFFh) is not write-protected
  6488                           ;	Write Protection bit
  6489                           ;	WRT2 = OFF, Block 2 (004000-005FFFh) is not write-protected
  6490                           ;	Write Protection bit
  6491                           ;	WRT3 = OFF, Block 3 (006000-007FFFh) is not write-protected
  6492   30000A                     	org	3145738
  6493   30000A  0F                 	db	15
  6494                           
  6495                           ;Config register CONFIG6H @ 0x30000B
  6496                           ;	Configuration Register Write Protection bit
  6497                           ;	WRTC = OFF, Configuration registers (300000-3000FFh) are not write-protected
  6498                           ;	Boot Block Write Protection bit
  6499                           ;	WRTB = OFF, Boot block (000000-0007FFh) is not write-protected
  6500                           ;	Data EEPROM Write Protection bit
  6501                           ;	WRTD = OFF, Data EEPROM is not write-protected
  6502   30000B                     	org	3145739
  6503   30000B  E0                 	db	224
  6504                           
  6505                           ;Config register CONFIG7L @ 0x30000C
  6506                           ;	Table Read Protection bit
  6507                           ;	EBTR0 = OFF, Block 0 (000800-001FFFh) is not protected from table reads executed in ot
      +                          her blocks
  6508                           ;	Table Read Protection bit
  6509                           ;	EBTR1 = OFF, Block 1 (002000-003FFFh) is not protected from table reads executed in ot
      +                          her blocks
  6510                           ;	Table Read Protection bit
  6511                           ;	EBTR2 = OFF, Block 2 (004000-005FFFh) is not protected from table reads executed in ot
      +                          her blocks
  6512                           ;	Table Read Protection bit
  6513                           ;	EBTR3 = OFF, Block 3 (006000-007FFFh) is not protected from table reads executed in ot
      +                          her blocks
  6514   30000C                     	org	3145740
  6515   30000C  0F                 	db	15
  6516                           
  6517                           ;Config register CONFIG7H @ 0x30000D
  6518                           ;	Boot Block Table Read Protection bit
  6519                           ;	EBTRB = OFF, Boot block (000000-0007FFh) is not protected from table reads executed in
      +                           other blocks
  6520   30000D                     	org	3145741
  6521   30000D  40                 	db	64
  6522                           tosu	equ	0xFFF
  6523                           tosh	equ	0xFFE
  6524                           tosl	equ	0xFFD
  6525                           stkptr	equ	0xFFC
  6526                           pclatu	equ	0xFFB
  6527                           pclath	equ	0xFFA
  6528                           pcl	equ	0xFF9
  6529                           tblptru	equ	0xFF8
  6530                           tblptrh	equ	0xFF7
  6531                           tblptrl	equ	0xFF6
  6532                           tablat	equ	0xFF5
  6533                           prodh	equ	0xFF4
  6534                           prodl	equ	0xFF3
  6535                           indf0	equ	0xFEF
  6536                           postinc0	equ	0xFEE
  6537                           postdec0	equ	0xFED
  6538                           preinc0	equ	0xFEC
  6539                           plusw0	equ	0xFEB
  6540                           fsr0h	equ	0xFEA
  6541                           fsr0l	equ	0xFE9
  6542                           wreg	equ	0xFE8
  6543                           indf1	equ	0xFE7
  6544                           postinc1	equ	0xFE6
  6545                           postdec1	equ	0xFE5
  6546                           preinc1	equ	0xFE4
  6547                           plusw1	equ	0xFE3
  6548                           fsr1h	equ	0xFE2
  6549                           fsr1l	equ	0xFE1
  6550                           bsr	equ	0xFE0
  6551                           indf2	equ	0xFDF
  6552                           postinc2	equ	0xFDE
  6553                           postdec2	equ	0xFDD
  6554                           preinc2	equ	0xFDC
  6555                           plusw2	equ	0xFDB
  6556                           fsr2h	equ	0xFDA
  6557                           fsr2l	equ	0xFD9
  6558                           status	equ	0xFD8

Data Sizes:
    Strings     386
    Constant    480
    Data        0
    BSS         2
    Persistent  0
    Stack       0

Auto Spaces:
    Space          Size  Autos    Used
    COMRAM           95     69      71
    BANK0           160      0       0
    BANK1           256      0       0
    BANK2           256      0       0
    BANK3           256      0       0
    BANK4           256      0       0
    BANK5           256      0       0
    BANK6           256      0       0
    BANK7           256      0       0

Pointer List with Targets:

    MAX30102_ReadFIFO@ir_value	PTR unsigned long  size(1) Largest target is 4
		 -> main@ir_value(COMRAM[4]), 

    MAX30102_ReadFIFO@red_value	PTR unsigned long  size(1) Largest target is 4
		 -> main@red_value(COMRAM[4]), 

    MAX30102_ReadMulti@buffer	PTR unsigned char  size(1) Largest target is 6
		 -> MAX30102_ReadFIFO@data(COMRAM[6]), 

    SSD1306_WriteString@str	PTR const unsigned char  size(2) Largest target is 15
		 -> Show_Red_Ir_On_OLED@text(COMRAM[12]), STR_10(CODE[12]), STR_13(CODE[15]), STR_14(CODE[12]), 
		 -> STR_15(CODE[9]), STR_16(CODE[14]), STR_17(CODE[5]), STR_18(CODE[4]), 
		 -> STR_19(CODE[11]), STR_8(CODE[15]), STR_9(CODE[11]), 

    UART_WriteLine@text	PTR const unsigned char  size(2) Largest target is 33
		 -> Send_Red_Ir_By_UART@text(COMRAM[12]), STR_1(CODE[17]), STR_11(CODE[33]), STR_12(CODE[26]), 
		 -> STR_2(CODE[17]), STR_20(CODE[1]), STR_21(CODE[15]), STR_22(CODE[28]), 
		 -> STR_3(CODE[25]), STR_4(CODE[32]), STR_5(CODE[24]), STR_6(CODE[29]), 
		 -> STR_7(CODE[27]), 

    UART_WriteString@text	PTR const unsigned char  size(2) Largest target is 33
		 -> Send_Red_Ir_By_UART@text(COMRAM[12]), STR_1(CODE[17]), STR_11(CODE[33]), STR_12(CODE[26]), 
		 -> STR_2(CODE[17]), STR_20(CODE[1]), STR_21(CODE[15]), STR_22(CODE[28]), 
		 -> STR_23(CODE[2]), STR_24(CODE[2]), STR_25(CODE[3]), STR_3(CODE[25]), 
		 -> STR_4(CODE[32]), STR_5(CODE[24]), STR_6(CODE[29]), STR_7(CODE[27]), 

    UInt16_ToString@buffer	PTR unsigned char  size(1) Largest target is 12
		 -> Send_Red_Ir_By_UART@text(COMRAM[12]), 

    UInt32_ToString@buffer	PTR unsigned char  size(1) Largest target is 12
		 -> Send_Red_Ir_By_UART@text(COMRAM[12]), Show_Red_Ir_On_OLED@text(COMRAM[12]), 


Critical Paths under _main in COMRAM

    _main->_Send_Red_Ir_By_UART
    _System_Init->_I2C_Master_Init
    _SSD1306_Init->_SSD1306_ClearDisplay
    _I2C_Master_Init->___lldiv
    _Show_Red_Ir_On_OLED->_UInt32_ToString
    _SSD1306_WriteString->_SSD1306_WriteChar
    _SSD1306_WriteChar->_SSD1306_SetCursor
    _SSD1306_ClearDisplay->_SSD1306_SetCursor
    _SSD1306_StartData->_I2C_Master_Write
    _SSD1306_SetCursor->_SSD1306_Command
    _SSD1306_Command->_I2C_Master_Write
    _SSD1306_Data->_I2C_Master_Write
    _Send_Red_Ir_By_UART->_UInt32_ToString
    _UInt32_ToString->___lldiv
    _UInt16_ToString->___lwdiv
    _Send_Header_By_UART->_UART_WriteLine
    _UART_WriteLine->_UART_WriteString
    _UART_WriteString->_UART_WriteChar
    _MAX30102_ReadFIFO->_MAX30102_ReadMulti
    _MAX30102_ReadMulti->_I2C_Master_Read
    _MAX30102_Init->_MAX30102_ReadRegister
    _MAX30102_WriteRegister->_I2C_Master_Write
    _MAX30102_ReadRegister->_I2C_Master_Read
    _I2C_Master_Write->_I2C_Master_Wait
    _I2C_Master_Stop->_I2C_Master_Wait
    _I2C_Master_Start->_I2C_Master_Wait
    _I2C_Master_RepeatedStart->_I2C_Master_Wait
    _I2C_Master_Read->_I2C_Master_Wait

Critical Paths under _main in BANK0

    None.

Critical Paths under _main in BANK1

    None.

Critical Paths under _main in BANK2

    None.

Critical Paths under _main in BANK3

    None.

Critical Paths under _main in BANK4

    None.

Critical Paths under _main in BANK5

    None.

Critical Paths under _main in BANK6

    None.

Critical Paths under _main in BANK7

    None.

Call Graph Tables:

 ---------------------------------------------------------------------------------
 (Depth) Function   	        Calls       Base Space   Used Autos Params    Refs
 ---------------------------------------------------------------------------------
 (0) _main                                                16    16      0    7011
                                             53 COMRAM    16    16      0
                     _LED_Status_Off
                      _LED_Status_On
                       _LED_Wait_Off
                        _LED_Wait_On
                      _MAX30102_Init
                  _MAX30102_ReadFIFO
               _SSD1306_ClearDisplay
                  _SSD1306_SetCursor
                _SSD1306_WriteString
                _Send_Header_By_UART
                _Send_Red_Ir_By_UART
                _Show_Red_Ir_On_OLED
                        _System_Init
                     _UART_WriteLine
 ---------------------------------------------------------------------------------
 (1) _System_Init                                          0     0      0     999
                    _I2C_Master_Init
                       _LED_Power_On
                     _LED_Status_Off
                        _LED_Wait_On
                          _LEDs_Init
               _SSD1306_ClearDisplay
                       _SSD1306_Init
                          _UART_Init
 ---------------------------------------------------------------------------------
 (2) _UART_Init                                            0     0      0       0
 ---------------------------------------------------------------------------------
 (2) _SSD1306_Init                                         2     2      0     420
                                              7 COMRAM     2     2      0
               _SSD1306_ClearDisplay
                    _SSD1306_Command
 ---------------------------------------------------------------------------------
 (2) _LEDs_Init                                            0     0      0       0
 ---------------------------------------------------------------------------------
 (2) _LED_Wait_On                                          0     0      0       0
 ---------------------------------------------------------------------------------
 (2) _LED_Status_Off                                       0     0      0       0
 ---------------------------------------------------------------------------------
 (2) _LED_Power_On                                         0     0      0       0
 ---------------------------------------------------------------------------------
 (2) _I2C_Master_Init                                      8     4      4     189
                                             13 COMRAM     8     4      4
                            ___lldiv
 ---------------------------------------------------------------------------------
 (1) _Show_Red_Ir_On_OLED                                 20    12      8    1989
                                             31 COMRAM    20    12      8
               _SSD1306_ClearDisplay
                  _SSD1306_SetCursor
                _SSD1306_WriteString
                    _UInt32_ToString
 ---------------------------------------------------------------------------------
 (2) _SSD1306_WriteString                                  2     0      2     550
                                             14 COMRAM     2     0      2
                  _SSD1306_WriteChar
 ---------------------------------------------------------------------------------
 (3) _SSD1306_WriteChar                                    9     9      0     493
                                              5 COMRAM     9     9      0
                       _SSD1306_Data
                  _SSD1306_SetCursor
                  _SSD1306_StartData
                   _SSD1306_StopData
 ---------------------------------------------------------------------------------
 (3) _SSD1306_ClearDisplay                                 2     2      0     390
                                              5 COMRAM     2     2      0
                       _SSD1306_Data
                  _SSD1306_SetCursor
                  _SSD1306_StartData
                   _SSD1306_StopData
 ---------------------------------------------------------------------------------
 (4) _SSD1306_StopData                                     0     0      0       0
                    _I2C_Master_Stop
 ---------------------------------------------------------------------------------
 (4) _SSD1306_StartData                                    0     0      0      15
                   _I2C_Master_Start
                   _I2C_Master_Write
 ---------------------------------------------------------------------------------
 (4) _SSD1306_SetCursor                                    2     1      1     231
                                              3 COMRAM     2     1      1
                    _SSD1306_Command
 ---------------------------------------------------------------------------------
 (5) _SSD1306_Command                                      1     1      0      30
                                              2 COMRAM     1     1      0
                   _I2C_Master_Start
                    _I2C_Master_Stop
                   _I2C_Master_Write
 ---------------------------------------------------------------------------------
 (4) _SSD1306_Data                                         1     1      0      30
                                              2 COMRAM     1     1      0
                   _I2C_Master_Write
 ---------------------------------------------------------------------------------
 (1) _Send_Red_Ir_By_UART                                 22    12     10    1730
                                             31 COMRAM    22    12     10
                     _UART_WriteLine
                   _UART_WriteString
                    _UInt16_ToString
                    _UInt32_ToString
 ---------------------------------------------------------------------------------
 (2) _UInt32_ToString                                     18    13      5     674
                                             13 COMRAM    18    13      5
                            ___lldiv
                            ___llmod
 ---------------------------------------------------------------------------------
 (3) ___llmod                                              9     1      8     161
                                              0 COMRAM     9     1      8
 ---------------------------------------------------------------------------------
 (3) ___lldiv                                             13     5      8     166
                                              0 COMRAM    13     5      8
 ---------------------------------------------------------------------------------
 (2) _UInt16_ToString                                     11     8      3     670
                                              7 COMRAM    11     8      3
                            ___lwdiv
                            ___lwmod
 ---------------------------------------------------------------------------------
 (3) ___lwmod                                              5     1      4     163
                                              0 COMRAM     5     1      4
 ---------------------------------------------------------------------------------
 (3) ___lwdiv                                              7     3      4     166
                                              0 COMRAM     7     3      4
 ---------------------------------------------------------------------------------
 (1) _Send_Header_By_UART                                  0     0      0     101
                     _UART_WriteLine
 ---------------------------------------------------------------------------------
 (2) _UART_WriteLine                                       2     0      2     101
                                              3 COMRAM     2     0      2
                   _UART_WriteString
 ---------------------------------------------------------------------------------
 (3) _UART_WriteString                                     2     0      2      66
                                              1 COMRAM     2     0      2
                     _UART_WriteChar
 ---------------------------------------------------------------------------------
 (4) _UART_WriteChar                                       1     1      0      15
                                              0 COMRAM     1     1      0
 ---------------------------------------------------------------------------------
 (1) _MAX30102_ReadFIFO                                   24    22      2     507
                                             12 COMRAM    24    22      2
                 _MAX30102_ReadMulti
 ---------------------------------------------------------------------------------
 (2) _MAX30102_ReadMulti                                   9     7      2     254
                                              3 COMRAM     9     7      2
                    _I2C_Master_Read
           _I2C_Master_RepeatedStart
                   _I2C_Master_Start
                    _I2C_Master_Stop
                   _I2C_Master_Write
 ---------------------------------------------------------------------------------
 (1) _MAX30102_Init                                        3     3      0     173
                                              5 COMRAM     3     3      0
              _MAX30102_ReadRegister
             _MAX30102_WriteRegister
 ---------------------------------------------------------------------------------
 (2) _MAX30102_WriteRegister                               2     1      1      75
                                              2 COMRAM     2     1      1
                   _I2C_Master_Start
                    _I2C_Master_Stop
                   _I2C_Master_Write
 ---------------------------------------------------------------------------------
 (2) _MAX30102_ReadRegister                                2     2      0      75
                                              3 COMRAM     2     2      0
                    _I2C_Master_Read
           _I2C_Master_RepeatedStart
                   _I2C_Master_Start
                    _I2C_Master_Stop
                   _I2C_Master_Write
 ---------------------------------------------------------------------------------
 (6) _I2C_Master_Write                                     1     1      0      15
                                              1 COMRAM     1     1      0
                    _I2C_Master_Wait
 ---------------------------------------------------------------------------------
 (6) _I2C_Master_Stop                                      0     0      0       0
                    _I2C_Master_Wait
 ---------------------------------------------------------------------------------
 (6) _I2C_Master_Start                                     0     0      0       0
                    _I2C_Master_Wait
 ---------------------------------------------------------------------------------
 (3) _I2C_Master_RepeatedStart                             0     0      0       0
                    _I2C_Master_Wait
 ---------------------------------------------------------------------------------
 (3) _I2C_Master_Read                                      2     2      0      30
                                              1 COMRAM     2     2      0
                    _I2C_Master_Wait
 ---------------------------------------------------------------------------------
 (7) _I2C_Master_Wait                                      1     1      0       0
                                              0 COMRAM     1     1      0
 ---------------------------------------------------------------------------------
 (1) _LED_Wait_Off                                         0     0      0       0
 ---------------------------------------------------------------------------------
 (1) _LED_Status_On                                        0     0      0       0
 ---------------------------------------------------------------------------------
 Estimated maximum stack depth 7
 ---------------------------------------------------------------------------------

 Call Graph Graphs:

 _main (ROOT)
   _LED_Status_Off
   _LED_Status_On
   _LED_Wait_Off
   _LED_Wait_On
   _MAX30102_Init
     _MAX30102_ReadRegister
       _I2C_Master_Read
         _I2C_Master_Wait
       _I2C_Master_RepeatedStart
         _I2C_Master_Wait
       _I2C_Master_Start
         _I2C_Master_Wait
       _I2C_Master_Stop
         _I2C_Master_Wait
       _I2C_Master_Write
         _I2C_Master_Wait
     _MAX30102_WriteRegister
       _I2C_Master_Start
       _I2C_Master_Stop
       _I2C_Master_Write
   _MAX30102_ReadFIFO
     _MAX30102_ReadMulti
       _I2C_Master_Read
       _I2C_Master_RepeatedStart
       _I2C_Master_Start
       _I2C_Master_Stop
       _I2C_Master_Write
   _SSD1306_ClearDisplay
     _SSD1306_Data
       _I2C_Master_Write
     _SSD1306_SetCursor
       _SSD1306_Command
         _I2C_Master_Start
         _I2C_Master_Stop
         _I2C_Master_Write
     _SSD1306_StartData
       _I2C_Master_Start
       _I2C_Master_Write
     _SSD1306_StopData
       _I2C_Master_Stop
   _SSD1306_SetCursor
   _SSD1306_WriteString
     _SSD1306_WriteChar
       _SSD1306_Data
       _SSD1306_SetCursor
       _SSD1306_StartData
       _SSD1306_StopData
   _Send_Header_By_UART
     _UART_WriteLine
       _UART_WriteString
         _UART_WriteChar
   _Send_Red_Ir_By_UART
     _UART_WriteLine
     _UART_WriteString
     _UInt16_ToString
       ___lwdiv
       ___lwmod
     _UInt32_ToString
       ___lldiv
       ___llmod
   _Show_Red_Ir_On_OLED
     _SSD1306_ClearDisplay
     _SSD1306_SetCursor
     _SSD1306_WriteString
     _UInt32_ToString
   _System_Init
     _I2C_Master_Init
       ___lldiv
     _LED_Power_On
     _LED_Status_Off
     _LED_Wait_On
     _LEDs_Init
     _SSD1306_ClearDisplay
     _SSD1306_Init
       _SSD1306_ClearDisplay
       _SSD1306_Command
     _UART_Init
   _UART_WriteLine

Address spaces:
Name               Size   Autos  Total    Usage
BIGRAM            2047      0       0      0.0%
BITBANK7           256      0       0      0.0%
BANK7              256      0       0      0.0%
BITBANK6           256      0       0      0.0%
BANK6              256      0       0      0.0%
BITBANK5           256      0       0      0.0%
BANK5              256      0       0      0.0%
BITBANK4           256      0       0      0.0%
BANK4              256      0       0      0.0%
BITBANK3           256      0       0      0.0%
BANK3              256      0       0      0.0%
BITBANK2           256      0       0      0.0%
BANK2              256      0       0      0.0%
BITBANK1           256      0       0      0.0%
BANK1              256      0       0      0.0%
BITBANK0           160      0       0      0.0%
BANK0              160      0       0      0.0%
BITCOMRAM           95      0       0      0.0%
COMRAM              95     69      71     74.7%
BITBIGSFRh          82      0       0      0.0%
BITBIGSFRlll        41      0       0      0.0%
BITBIGSFRlh         32      0       0      0.0%
BITBIGSFRllh         2      0       0      0.0%
STACK                0      0       0      0.0%
DATA                 0      0      71      0.0%


Microchip Technology PIC18 Macro Assembler V3.10 build 20250813170317 
Symbol Table                                                                                   Fri May 29 20:58:45 2026

          SSD1306_WriteString@str 000F      Send_Red_Ir_By_UART@red_value 0022                       _SSPSTATbits 0FC7  
                              l93 7092                                l96 6DDA                                l99 6DB4  
                              u10 6EFC                                u11 6EF8                                u20 6F0A  
                              u21 6F06                                u30 6E26                                u31 6E22  
                              u40 6E3C                                u41 6E38                                u50 6E86  
                              u51 6E82                                u80 6E4E                                u81 6E4A  
                             l102 6DAC                               l111 6DB0                               l105 6DB8  
                             l202 6FA6                               l115 76AE                               l300 6E52  
                             l140 72F8                               l108 6DBC                               l125 785E  
                             l222 6DFA                               l134 7554                               l232 6FCE  
                             l240 703E                               l137 6F30                               l233 6FF2  
                             l225 6DC2                               l170 6E18                               l306 714C  
                             l250 788C                               l219 6EC6                               l164 6F0A  
                             l228 6DCC                               l252 796C                               l173 6E26  
                             l309 6E6C                               l182 6E2E                               l190 6E86  
                             l334 6EA8                               l191 6E8A                               l167 70EE  
                             l176 6E02                               l352 7A84                               l185 6E3C  
                             l337 6F5C                               l345 7410                               l257 78EC  
                             l249 789C                               l194 6F66                               l266 71AA  
                             l179 6E10                               l196 6F74                               l188 6E78  
                             l197 6F92                               l349 74B2                               l269 7774  
                             l198 6F94                               l382 75E8                               l294 6EE4  
                             l199 6F96                               l297 6E40                               l389 75F8  
                             l963 7280                               l956 7278                               l892 7380  
                             l973 720E                               l885 7370                               l966 7206  
     __end_of_SSD1306_WriteString 71AC                               u140 6E10                               u141 6E0C  
                             u150 6F74                               u151 6F70                               u160 6F8C  
                             u161 6F88                               u170 6FA4                               u171 6FA0  
                             u600 701E                               u601 701A                               u610 7034  
                             u611 7030                               u620 7114                               u700 78E6  
                             u701 78E2                               u630 713C                               u710 795E  
                             u711 795A                               u640 714C                               u800 71F2  
                             u720 757C                               u641 7148                               u801 71EE  
                             u721 7578                               u730 759E                               u810 7310  
                             u650 7874                               u627 710A                               u731 759A  
                             u811 730C                               u651 7870                               u900 76A4  
                             u740 75C6                               u820 7332                               u580 6FBA  
                             u660 7886                               u637 7132                               u901 76A0  
                             u741 75C2                               u821 732E                               u581 6FB6  
                             u661 7882                               u750 7228                               u830 7350  
                             u910 7790                               u590 6FCC                               u670 78B0  
                             u751 7224                               u831 734C                               u911 778C  
                             u591 6FC8                               u671 78AC                               u760 7246  
                             u920 7828                               u680 78C0                               u840 7172  
                             u761 7242                               u921 7824                               u681 78BC  
                             u770 7262                               u930 7854                               u690 78D4  
                             u850 719A                               u771 725E                               u931 7850  
                             u691 78D0                               u940 73D4                               u780 71BE  
                             u860 71AA                               u941 73D0                               u781 71BA  
                             u861 71A6                               u950 740C                               u790 71DC  
                             u951 7408                               u791 71D8                               u847 7168  
                             u960 742C                               u880 7610                               u961 7428  
                             u881 760C                               u857 7190                               u890 7678  
                             u970 7B12                               u891 7674                               u875 70C6  
                             u971 7B0E                               u980 7C06                               u981 7C02  
                             u990 7C56                               u991 7C52                               wreg 0FE8  
       Send_Red_Ir_By_UART@sample 0020                      ?_LED_Wait_On 0001                              l2000 770A  
                            l2010 7728                              l2002 7710                              l1140 6EE6  
                            l1220 6E00                              l2100 73D4                              l2020 7746  
                            l2012 772E                              l2004 7716                              l1142 6EFC  
                            l1230 6F8C                              l1222 6F60                              l1150 6E2C  
                            l2102 73E8                              l2030 7764                              l2022 774C  
                            l2014 7734                              l2006 771C                              l2110 7040  
                            l1232 6FA4                              l1224 6F64                              l1144 6E12  
                            l1152 6E70                              l2104 73F8                              l2040 7610  
                            l2200 7282                              l1160 6EAC                              l2032 776A  
                            l2024 7752                              l2016 773A                              l2008 7722  
                            l2120 7054                              l2112 704C                              l1138 6EE6  
                            l1226 6F78                              l1218 6DFC                              l1146 6E16  
                            l1154 6E74                              l2106 73FA                              l2050 7664  
                            l2042 761A                              l2210 72EE                              l2202 7292  
                            l2034 7770                              l2026 7758                              l2018 7740  
                            l2130 705E                              l2122 7056                              l2114 704E  
                            l1228 6F7C                              l1148 6E28                              l1156 6E88  
                            l2108 740C                              l1180 6E4E                              l2060 7694  
                            l2052 7666                              l2036 75FA                              l2204 729C  
                            l1172 6DEA                              l2220 74FC                              l2212 74B4  
                            l2028 775E                              l2140 706E                              l2132 7060  
                            l2124 7058                              l2116 7050                              l2300 7C06  
                            l2150 7412                              l2062 76A4                              l2054 767C  
                            l2046 762A                              l2038 75FE                              l2070 779A  
                            l2206 72C0                              l1174 6DBE                              l2230 7548  
                            l2222 7506                              l2214 74C2                              l2142 7072  
                            l2134 7062                              l2126 705A                              l2118 7052  
                            l2310 7C56                              l2302 7C0C                              l2160 743C  
                            l2152 741A                              l2056 767E                              l2048 764A  
                            l2080 7812                              l2064 7776                              l2208 72CA  
                            l1176 6DC6                              l2224 7510                              l2216 74CE  
                            l2144 7076                              l2136 7066                              l2128 705C  
                            l2312 7C5C                              l2304 7C10                              l2240 7AC8  
                            l2232 7A86                              l1514 6F34                              l2170 747C  
                            l2162 7454                              l2154 742C                              l1178 6E40  
                            l2058 7692                              l2090 7854                              l2082 782C  
                            l2074 77AA                              l2066 777A                              l2226 751C  
                            l2218 74E4                              l1362 6DB6                              l2146 708A  
                            l2138 706A                              l2314 7C80                              l2306 7C3C  
                            l2250 7AFE                              l2242 7AD4                              l2234 7A86  
                            l1612 6DAE                              l1516 6F5A                              l2092 6E8E  
                            l2180 74AA                              l2172 7486                              l2164 745E  
                            l2084 782E                              l2076 77DC                              l2068 7790  
                            l2228 7534                              l1372 6DBA                              l1380 6EDA  
                            l2148 708E                              l2308 7C40                              l2260 7B32  
                            l2252 7B02                              l2244 7AE0                              l2236 7AB8  
                            l1614 6DAA                              l2182 74B0                              l2174 7490  
                            l2166 7468                              l2158 7432                              l2094 7384  
                            l2190 797C                              l2086 7842                              l2078 7810  
                            l1374 6DCE                              l1382 6EDE                              l2270 7B68  
                            l2262 7B3C                              l2254 7B12                              l2246 7AEC  
                            l2238 7ABC                              l2176 749A                              l2168 7472  
                            l2096 739E                              l2192 79EA                              l2088 7844  
                            l1376 6DB2                              l1384 6EE0                              l2280 7B9A  
                            l2272 7B74                              l2264 7B48                              l2256 7B1A  
                            l2248 7AF8                              l2178 74A4                              l2098 73A4  
                            l2194 7A58                              l2186 6F0C                              l1386 6EE2  
                            l1378 6EC8                              l2290 7BCA                              l2282 7B9E  
                            l2266 7B52                              l2258 7B26                              l2274 7B7A  
                            l2196 7A6E                              l2188 796E                              l1900 75D8  
                            l1820 7022                              l1812 7006                              l1804 6FF6  
                            l2292 7BD4                              l2284 7BA8                              l2276 7B82  
                            l2268 7B5E                              l1830 7118                              l1910 7230  
                            l1902 75E2                              l1822 7024                              l1814 700C  
                            l1806 7004                              l2294 7BE0                              l2286 7BB4  
                            l2278 7B8E                              l1832 711C                              l1920 726A  
                            l1912 7238                              l1904 7210                              l1824 7034  
                            l1816 700E                              l1840 7886                              l2296 7BEC  
                            l2288 7BBE                              l1826 70F0                              l1922 726C  
                            l1914 7246                              l1906 7216                              l1930 71C6  
                            l1818 701E                              l1850 78C0                              l1842 788E  
                            l1834 7862                              l2298 7BF0                              l1828 70F4  
                            l1924 7272                              l1916 724C                              l1908 7228  
                            l1940 7200                              l1932 71CE                              l1860 78EE  
                            l1852 78C4                              l1836 7874                              l1918 7262  
                            l1934 71DC                              l1926 71AC                              l1950 7332  
                            l1942 72FA                              l1790 6FBA                              l1854 78D4  
                            l1862 78F8                              l1846 78A0                              l1838 7876  
                            l1936 71F2                              l1928 71BE                              l1952 7350  
                            l1944 7310                              l1792 6FBC                              l1880 7968  
                            l1872 7924                              l1864 791E                              l1856 78D6  
                            l1848 78B0                              l1960 714E                              l1938 71FA  
                            l1890 7590                              l1882 7556                              l1954 7360  
                            l1946 7318                              l1794 6FCC                              l1874 794C  
                            l1866 7922                              l1858 78E6                              l1962 7152  
                            l1970 709E                              l1892 759E                              l1884 7566  
                            l1956 736A                              l1948 7324                              l1796 6FD6  
                            l1788 6FAA                              l1876 794E                              l1964 7176  
                            l1972 70A2                              l1980 76CE                              l1958 6E54  
                            l1894 75A8                              l1886 757C                              l1798 6FF4  
                            l1878 795E                              l1966 717A                              l1974 70A4  
                            l1990 76EC                              l1982 76D4                              l1896 75C6  
                            l1888 7584                              l1968 7094                              l1992 76F2  
                            l1984 76DA                              l1976 76B0                              l1898 75D6  
                            l1994 76F8                              l1986 76E0                              l1978 76C8  
                            l1996 76FE                              l1988 76E6                              l1998 7704  
                            STR_1 7F59                              STR_2 7F6A                              STR_3 7F28  
                            STR_4 7E9A                              STR_5 7F41                              STR_6 7EBA  
                            STR_7 7EF3                              STR_8 7F8A                              STR_9 7FD9  
                            u1057 7C86                              u1067 76BA                              u1077 7446  
                            _LATA 0F89                              _LATB 0F8A                              _LATC 0F8B  
                            _LATD 0F8C                              _LATE 0F8D  __end_of_I2C_Master_RepeatedStart 6E12  
                            _main 7A86                              fsr0h 0FEA                              fsr1h 0FE2  
                            indf0 0FEF                              fsr2h 0FDA                              fsr0l 0FE9  
                            indf1 0FE7                              indf2 0FDF                              fsr1l 0FE1  
                            fsr2l 0FD9                              prodh 0FF4                              prodl 0FF3  
                            start 7FFC                      ___param_bank 0000                   __end_of_Font5x7 7E79  
                ?_I2C_Master_Init 000E                  ?_I2C_Master_Read 0001                     ?_LED_Wait_Off 0001  
                ?_I2C_Master_Wait 0001                  ?_UInt32_ToString 000E                  ?_UInt16_ToString 0008  
                ?_I2C_Master_Stop 0001                 ??_SSD1306_Command 0003                             ?_main 0001  
                   ?_LED_Power_On 0001                             STR_10 7FB6                             STR_11 7E79  
                           STR_20 7FFA                             STR_12 7F0E                             STR_13 7F99  
                           STR_21 7F7B                             STR_14 7FC2                             STR_22 7ED7  
                           STR_23 7FF9                             STR_15 7FE4                             STR_24 7FF9  
                           STR_16 7FA8                             STR_25 7FF6                             STR_17 7FED  
                           STR_18 7FF2                             STR_19 7FCE                             _CMCON 0FB4  
                 __end_of___lldiv 75FA                   __end_of___llmod 7382                   __end_of___lwdiv 7282  
                 __end_of___lwmod 7210                             _RCSTA 0FAB                             _SPBRG 0FAF  
                           _TRISA 0F92                             _TRISB 0F93                             _TRISC 0F94  
                           _TRISD 0F95                             _TRISE 0F96                             _TXREG 0FAD  
                    main@ir_value 0042                             _TXSTA 0FAC           Send_Red_Ir_By_UART@text 002A  
                           tablat 0FF5                             status 0FD8                     _LED_Status_On 6DAA  
               _MAX30102_ReadFIFO 796E                   __initialization 6DDC                      __end_of_main 7C98  
              ?_MAX30102_ReadFIFO 000D                    ??_LED_Wait_Off 0001          __end_of_UART_WriteString 714E  
                  ??_LED_Power_On 0001        MAX30102_ReadFIFO@red_value 000D                            ??_main 0036  
                   __activetblptr 0002               ??_MAX30102_ReadFIFO 000F      __end_of_SSD1306_ClearDisplay 7040  
               ?_I2C_Master_Start 0001             __end_of_MAX30102_Init 74B4                 ?_I2C_Master_Write 0001  
              ??_I2C_Master_Start 0002                            _ADCON1 0FC1                ??_I2C_Master_Write 0002  
                ___llmod@dividend 0001                 __end_of_LEDs_Init 6DDC                            _CVRCON 0FB5  
                          _OSCCON 0FD3                    ?_LED_Status_On 0001                            _SPBRGH 0FB0  
                          _SSPADD 0FC8                            _SSPBUF 0FC9         __end_of_MAX30102_ReadFIFO 7A86  
                   ?_SSD1306_Data 0001                 ?_SSD1306_StopData 0001                     main@red_value 003E  
                   ?_SSD1306_Init 0001          _I2C_Master_RepeatedStart 6DFC                 __end_of_UART_Init 6EE6  
           _MAX30102_ReadRegister 6F32            SSD1306_Command@command 0003                ??_SSD1306_StopData 0002  
                       ??___lldiv 0009                         ??___llmod 0009                         ??___lwdiv 0005  
                       ??___lwmod 0005                            isa$std 0001               _Send_Header_By_UART 6F0C  
                    __mediumconst 7C98                            tblptrh 0FF7                            tblptrl 0FF6  
                          tblptru 0FF8                SSD1306_WriteChar@c 000C                SSD1306_WriteChar@i 000D  
                  _LED_Status_Off 6DB6               _Show_Red_Ir_On_OLED 74B4                        __accesstop 0060  
         __end_of__initialization 6DE0          ??_MAX30102_WriteRegister 0004                     ___rparam_used 0001  
            ?_Send_Header_By_UART 0001                    ??_SSD1306_Data 0003                    ??_SSD1306_Init 0008  
                  __pcstackCOMRAM 0001              ?_Show_Red_Ir_On_OLED 0020                _MAX30102_ReadMulti 7382  
             ?_MAX30102_ReadMulti 0004            __end_of_LED_Status_Off 6DBA             UInt32_ToString@buffer 0012  
           UInt16_ToString@buffer 000A           I2C_Master_Init@clock_hz 000E                   ??_LED_Status_On 0001  
            __end_of_LED_Wait_Off 6DB2              __end_of_LED_Power_On 6DB6             ??_Send_Header_By_UART 0006  
            ??_MAX30102_ReadMulti 0006                   _SSD1306_Command 6EAA              _SSD1306_ClearDisplay 6FF4  
          ?_MAX30102_ReadRegister 0001             ??_Show_Red_Ir_On_OLED 0028                           _BAUDCON 0FB8  
               _SSD1306_SetCursor 6FA8           Show_Red_Ir_On_OLED@text 0028                ?_SSD1306_SetCursor 0004  
             _Send_Red_Ir_By_UART 7282                   ?_LED_Status_Off 0001          MAX30102_ReadRegister@reg 0004  
           MAX30102_ReadFIFO@data 001F                           _SSPCON1 0FC6                           _SSPCON2 0FC5  
             ??_SSD1306_SetCursor 0005                           _SSPSTAT 0FC7                 _SSD1306_StartData 6DEA  
           SSD1306_SetCursor@page 0004                           _Font5x7 7C99                     ??_System_Init 0016  
              ?_SSD1306_StartData 0001               MAX30102_ReadMulti@i 000C              ?_Send_Red_Ir_By_UART 0020  
           ?_SSD1306_ClearDisplay 0001                           __Hparam 0000                           __Lparam 0000  
               _SSD1306_WriteChar 7860               ??_SSD1306_StartData 0003                ?_SSD1306_WriteChar 0001  
                         ___lldiv 7556                           ___llmod 72FA                           ___lwdiv 7210  
       __end_of_SSD1306_SetCursor 6FF4                           ___lwmod 71AC                           __pcinit 6DDC  
                         __ramtop 0800                 ?_UART_WriteString 0002                           __ptext0 7A86  
                         __ptext1 7040                           __ptext2 6EC8                           __ptext3 76B0  
                         __ptext4 6DCE                           __ptext5 6DBA                           __ptext6 6DB6  
                         __ptext7 6DB2                           __ptext8 7094                           __ptext9 74B4  
             ??_SSD1306_WriteChar 0006                ??_UART_WriteString 0004              __end_of_SSD1306_Data 6DCE  
            __end_of_SSD1306_Init 7776         __end_of_SSD1306_StartData 6DFC                  SSD1306_Data@data 0003  
            end_of_initialization 6DE0           __end_of_SSD1306_Command 6EC8        ??_I2C_Master_RepeatedStart 0002  
                   __Lmediumconst 7C98                         _LEDs_Init 6DCE             ??_Send_Red_Ir_By_UART 002A  
       __end_of_SSD1306_WriteChar 796E                   ___lldiv@divisor 0005                   ___lldiv@counter 000D  
                       _RCSTAbits 0FAB                           postinc2 0FDE               __end_of_System_Init 7094  
                  _UART_WriteChar 6E3E                    _UART_WriteLine 6E54                  UInt32_ToString@i 001F  
                UInt16_ToString@i 0012                  UInt32_ToString@j 001E                  UInt16_ToString@j 0011  
                       _UART_Init 6EC8          MAX30102_ReadMulti@buffer 0004            _MAX30102_WriteRegister 6E8C  
        MAX30102_ReadMulti@length 0005                         _TRISBbits 0F93                         _TRISCbits 0F94  
                       _TRISDbits 0F95                        ?_LEDs_Init 0001           SSD1306_SetCursor@column 0005  
          ??_SSD1306_ClearDisplay 0006                         _TXSTAbits 0FAC                        main@max_ok 003D  
                      main@sample 0037        SSD1306_WriteChar@character 000E            __end_of_UART_WriteChar 6E54  
          __end_of_UART_WriteLine 6E6E                       _BAUDCONbits 0FB8                        ?_UART_Init 0001  
                    _LED_Wait_Off 6DAE                      _LED_Power_On 6DB2             MAX30102_ReadMulti@reg 000B  
             start_initialization 6DDC         MAX30102_ReadFIFO@ir_value 000E                     ??_LED_Wait_On 0001  
                ?_SSD1306_Command 0001                 ??_I2C_Master_Init 0012                 ??_I2C_Master_Read 0002  
               ??_I2C_Master_Wait 0001                 ??_UInt32_ToString 0013                 ??_UInt16_ToString 000B  
               ??_I2C_Master_Stop 0002           ??_MAX30102_ReadRegister 0004                   ___llmod@divisor 0005  
                 ___llmod@counter 0009                       _System_Init 7040                   ?_UART_WriteChar 0001  
                 ?_UART_WriteLine 0004               _SSD1306_WriteString 714E                  ??_LED_Status_Off 0001  
                     __pbssCOMRAM 0046                     _MAX30102_Init 7412              ?_SSD1306_WriteString 000F  
     __end_of_Send_Header_By_UART 6F32       Show_Red_Ir_On_OLED@ir_value 0024             __end_of_LED_Status_On 6DAE  
                     ??_LEDs_Init 0001              UInt32_ToString@value 000E              UInt16_ToString@value 0008  
             __end_of_LED_Wait_On 6DBE       __end_of_Show_Red_Ir_On_OLED 7556                  _I2C_Master_Start 6E12  
                _I2C_Master_Write 6E6E                  ___lwdiv@dividend 0001                      _SSD1306_Data 6DC4  
                    _SSD1306_Init 76B0        MAX30102_ReadRegister@value 0005                     __pmediumconst 7C98  
                        ?___lldiv 0001                          ?___llmod 0001                          ?___lwdiv 0001  
                        ?___lwmod 0001          SSD1306_ClearDisplay@page 0007                       ??_UART_Init 0001  
            I2C_Master_Write@data 0002         MAX30102_WriteRegister@reg 0004                       __smallconst 7C98  
                _SSD1306_StopData 6DBE                    ?_MAX30102_Init 0001             ??_SSD1306_WriteString 0011  
                ___lwdiv@quotient 0005       Send_Red_Ir_By_UART@ir_value 0026                         _oled_page 0046  
                        _LATDbits 0F8C              MAX30102_Init@part_id 0008                          _PIR1bits 0F9E  
         ?_MAX30102_WriteRegister 0003       MAX30102_WriteRegister@value 0003               I2C_Master_Read@data 0003  
          SSD1306_WriteChar@index 000A                       _LED_Wait_On 6DBA       __end_of_Send_Red_Ir_By_UART 72FA  
                main@uart_counter 003B                          __Hrparam 0000              UART_WriteString@text 0002  
                        __Lrparam 0000    __end_of_MAX30102_WriteRegister 6EAA         ?_I2C_Master_RepeatedStart 0001  
                 ??_MAX30102_Init 0006                   _I2C_Master_Init 7094                   _I2C_Master_Read 6F5E  
             UInt32_ToString@temp 0013               UInt16_ToString@temp 000B                   _I2C_Master_Wait 6EE6  
                 _UInt16_ToString 75FA                   _UInt32_ToString 7776                   _I2C_Master_Stop 6E28  
              UART_WriteChar@data 0001                   ___lwdiv@divisor 0003                   ___lwdiv@counter 0007  
                        __ptext10 714E                          __ptext11 7860                          __ptext20 72FA  
                        __ptext12 6FF4                          __ptext21 7556                          __ptext13 6DBE  
                        __ptext30 7382                          __ptext22 75FA                          __ptext14 6DEA  
                        __ptext31 7412                          __ptext23 71AC                          __ptext15 6FA8  
                        __ptext40 6DAE                          __ptext32 6E8C                          __ptext24 7210  
                        __ptext16 6EAA                          __ptext41 6DAA                          __ptext33 6F32  
                        __ptext25 6F0C                          __ptext17 6DC4                          __ptext34 6E6E  
                        __ptext26 6E54                          __ptext18 7282                          __ptext35 6E28  
                        __ptext27 70F0                          __ptext19 7776                          __ptext36 6E12  
                        __ptext28 6E3E                          __ptext37 6DFC                          __ptext29 796E  
                        __ptext38 6F5E                          __ptext39 6EE6               main@display_counter 0039  
                ??_UART_WriteChar 0001                  ??_UART_WriteLine 0006                      ?_System_Init 0001  
                     _oled_column 0047     __end_of_MAX30102_ReadRegister 6F5E                          isa$xinst 0000  
              UART_WriteLine@text 0004                I2C_Master_Read@ack 0002      Show_Red_Ir_On_OLED@red_value 0020  
        __end_of_I2C_Master_Start 6E28          __end_of_I2C_Master_Write 6E8C        SSD1306_ClearDisplay@column 0006  
                _UART_WriteString 70F0                  ___lwmod@dividend 0001                  ___lldiv@dividend 0001  
        __end_of_SSD1306_StopData 6DC4           __end_of_I2C_Master_Init 70F0           __end_of_I2C_Master_Read 6FA8  
         __end_of_I2C_Master_Wait 6F0C           __end_of_UInt16_ToString 76B0           __end_of_UInt32_ToString 7860  
         __end_of_I2C_Master_Stop 6E3E                  ___lldiv@quotient 0009                   ___lwmod@divisor 0003  
                 ___lwmod@counter 0005                       _SSPCON2bits 0FC5        __end_of_MAX30102_ReadMulti 7412  
